Child Mortality Estimates,,,,,,,,,,,,,,,,,,,,,,,,,
Sex-specific under-five mortality rate,,,,,,,,,,,,,,,,,,,,,,,,,
Estimates generated by the UN Inter-agency Group for Child Mortality Estimation (IGME) in 2015,,,,,,,,,,,,,,,,,,,,,,,,,
downloaded from http://www.childmortality.org,,,,,,,,,,,,,,,,,,,,,,,,,
Last update: 9 Sep 2015,,,,,,,,,,,,,,,,,,,,,,,,,
Contact: childmortality@unicef.org,,,,,,,,,,,,,,,,,,,,,,,,,
ISO Code,Country,"Uncertainty 
bounds*",Male,,,,Female,,,,Sex Ratio,,,,P factor,,,,,,,,,,
,,,1990,2000,2010,2015,1990,2000,2010,2015,1990,2000,2010,2015,1990,2000,2010,2015,,,,,,,
AFG,Afghanistan,Lower,167.2,129.3,94.7,72.3,158.4,121.2,88.8,66.7,1.01,1.03,1.02,1.03,0.92,0.92,0.91,0.9,,,,,,,
AFG,Afghanistan,Median,185.5,141.1,108.4,94.6,176.2,132.7,101.4,87.4,1.05,1.06,1.07,1.08,0.96,0.96,0.95,0.95,,,,,,,
AFG,Afghanistan,Upper,207.3,154.7,124.6,123.6,196.7,145.7,116.8,114.2,1.1,1.1,1.12,1.14,1,0.99,0.99,1,,,,,,,
AGO,Angola,Lower,210.3,198.5,136,99.3,191.6,180.6,123.7,90.2,1.06,1.05,1.05,1.05,0.97,0.97,0.96,0.96,,,,,,,
AGO,Angola,Median,236.3,226.7,190.9,164.6,215.2,206.2,173.2,148.9,1.1,1.1,1.1,1.11,1.01,1.01,1.01,1.01,,,,,,,
AGO,Angola,Upper,266.9,258.2,260.5,265.8,243.3,235.3,235.8,241.4,1.14,1.15,1.16,1.17,1.05,1.05,1.06,1.06,,,,,,,
ALB,Albania,Lower,39.1,24.7,12.1,8.7,32,20,9.8,7,1.14,1.15,1.15,1.14,0.93,0.92,0.92,0.92,,,,,,,
ALB,Albania,Median,44.5,28.8,18.3,15.3,36.5,23.4,14.8,12.5,1.22,1.23,1.24,1.23,1,0.99,0.99,0.99,,,,,,,
ALB,Albania,Upper,50.3,33.8,28,27.4,41.3,27.5,22.4,22.4,1.31,1.32,1.33,1.33,1.07,1.06,1.07,1.07,,,,,,,
AND,Andorra,Lower,5.6,3.8,2.5,1.9,4.6,3.2,2.1,1.6,1.13,1.11,1.11,1.11,0.93,0.93,0.93,0.93,,,,,,,
AND,Andorra,Median,9.4,5,3.6,3.1,7.6,4.2,3,2.6,1.22,1.2,1.2,1.2,1,1,1,1,,,,,,,
AND,Andorra,Upper,15.8,6.4,5.2,5.2,12.9,5.4,4.3,4.3,1.33,1.29,1.29,1.29,1.08,1.08,1.08,1.08,,,,,,,
ARE,United Arab Emirates,Lower,15.6,11.6,9,6.6,12.3,9.2,7.2,5.4,1.18,1.16,1.14,1.13,0.95,0.95,0.94,0.94,,,,,,,
ARE,United Arab Emirates,Median,18.3,12.4,9.4,7.5,14.5,9.8,7.6,6.1,1.27,1.25,1.23,1.22,1.02,1.02,1.02,1.01,,,,,,,
ARE,United Arab Emirates,Upper,21.5,13.2,9.8,8.5,17,10.6,8,7,1.36,1.35,1.34,1.33,1.09,1.1,1.1,1.1,,,,,,,
ARG,Argentina,Lower,29.9,21.9,15.7,12.2,24,17.6,12.8,10,1.23,1.22,1.21,1.17,0.99,0.98,0.97,0.95,,,,,,,
ARG,Argentina,Median,30.5,22.3,16,13.7,24.5,18,13.1,11.3,1.25,1.24,1.23,1.21,1,1,0.99,0.98,,,,,,,
ARG,Argentina,Upper,31.2,22.8,16.4,15.3,25,18.4,13.3,12.7,1.26,1.26,1.25,1.26,1.02,1.01,1.01,1.02,,,,,,,
ARM,Armenia,Lower,49.5,29.8,16.8,11.9,40.4,23.9,13.4,9.6,1.14,1.16,1.16,1.15,0.95,0.94,0.93,0.93,,,,,,,
ARM,Armenia,Median,54.6,33.3,20,15.6,44.8,26.8,16,12.5,1.22,1.24,1.25,1.24,1.01,1,1,1,,,,,,,
ARM,Armenia,Upper,60.3,36.9,23.7,20.3,49.5,29.8,19,16.3,1.3,1.34,1.35,1.34,1.08,1.08,1.08,1.08,,,,,,,
ATG,Antigua & Barbuda,Lower,20.2,15.3,8.8,6,16.2,12.2,7.2,4.9,1.14,1.15,1.13,1.12,0.92,0.92,0.93,0.93,,,,,,,
ATG,Antigua & Barbuda,Median,28.2,17.1,10.9,8.8,22.7,13.7,8.9,7.3,1.25,1.25,1.22,1.21,1,1,1,1,,,,,,,
ATG,Antigua & Barbuda,Upper,39.9,19.1,13.5,13.1,31.9,15.4,11.1,10.8,1.36,1.35,1.33,1.31,1.09,1.09,1.09,1.08,,,,,,,
AUS,Australia,Lower,10,6.7,5.1,3.8,7.9,5.4,4.2,3.1,1.25,1.21,1.2,1.17,1.02,1.01,1,0.98,,,,,,,
AUS,Australia,Median,10.2,6.9,5.3,4.1,8,5.6,4.3,3.4,1.28,1.24,1.23,1.22,1.04,1.04,1.03,1.02,,,,,,,
AUS,Australia,Upper,10.5,7.1,5.4,4.5,8.2,5.7,4.4,3.7,1.31,1.27,1.27,1.27,1.07,1.07,1.07,1.06,,,,,,,
AUT,Austria,Lower,10.2,5.8,4.6,3.5,8.1,4.7,3.7,2.8,1.22,1.18,1.18,1.17,1,0.99,0.99,0.98,,,,,,,
AUT,Austria,Median,10.6,6.1,4.8,3.9,8.4,4.9,3.9,3.2,1.26,1.23,1.23,1.22,1.03,1.03,1.03,1.02,,,,,,,
AUT,Austria,Upper,10.9,6.3,5,4.3,8.7,5.1,4.1,3.5,1.3,1.27,1.28,1.28,1.07,1.06,1.07,1.07,,,,,,,
AZE,Azerbaijan,Lower,92.4,70.5,31,21.4,77.9,60.5,26.6,17.9,1.13,1.1,1.1,1.11,0.98,0.94,0.89,0.9,,,,,,,
AZE,Azerbaijan,Median,102.6,79.5,42,34.2,86.5,68.3,35.9,29,1.19,1.16,1.17,1.18,1.03,0.99,0.95,0.96,,,,,,,
AZE,Azerbaijan,Upper,113.4,89.4,56.4,56.6,95.8,77.2,48.2,48,1.25,1.23,1.24,1.26,1.09,1.05,1.01,1.02,,,,,,,
BDI,Burundi,Lower,164,142.5,77.4,53.4,145.8,126.5,67.6,46,1.08,1.09,1.09,1.1,0.99,0.99,0.98,0.97,,,,,,,
BDI,Burundi,Median,181.6,160.9,105.4,87.5,161.7,142.8,92,75.6,1.12,1.13,1.15,1.16,1.03,1.03,1.03,1.02,,,,,,,
BDI,Burundi,Upper,201.3,182.3,141.2,139.2,179.3,161.5,123.5,120.9,1.17,1.17,1.2,1.22,1.07,1.07,1.08,1.08,,,,,,,
BEL,Belgium,Lower,11,6.3,4.8,4.2,8.4,4.9,3.8,3.3,1.28,1.23,1.22,1.2,1.04,1.03,1.02,1.01,,,,,,,
BEL,Belgium,Median,11.3,6.5,5,4.6,8.6,5.1,4,3.7,1.31,1.27,1.26,1.26,1.07,1.06,1.05,1.05,,,,,,,
BEL,Belgium,Upper,11.6,6.7,5.2,5.1,8.9,5.3,4.1,4.1,1.35,1.31,1.31,1.31,1.1,1.1,1.1,1.1,,,,,,,
BEN,Benin,Lower,174.6,139.2,99.3,81.7,161.3,129.5,91.1,74.4,1.05,1.04,1.04,1.04,0.96,0.94,0.94,0.93,,,,,,,
BEN,Benin,Median,186.5,149.9,116.2,104,172.3,139.3,106.6,94.6,1.08,1.08,1.09,1.1,0.99,0.98,0.98,0.98,,,,,,,
BEN,Benin,Upper,199.2,161.5,132.7,132.5,183.9,150.5,121.6,121,1.12,1.11,1.14,1.15,1.02,1.01,1.03,1.03,,,,,,,
BFA,Burkina Faso,Lower,196.5,178.1,103.4,68.7,181.2,165.3,93.8,61,1.05,1.04,1.06,1.07,0.97,0.96,0.95,0.95,,,,,,,
BFA,Burkina Faso,Median,209.9,192.4,118.7,93.7,193.9,178.7,108,83.4,1.08,1.08,1.1,1.12,1,0.99,0.99,0.99,,,,,,,
BFA,Burkina Faso,Upper,223.9,207.2,135.9,125.8,206.9,192.5,123.4,112.1,1.12,1.11,1.15,1.18,1.03,1.02,1.04,1.04,,,,,,,
BGD,Bangladesh,Lower,142.1,87.6,49.4,34.8,136.4,81.7,43.5,29.8,1.02,1.04,1.09,1.11,0.91,0.91,0.91,0.91,,,,,,,
BGD,Bangladesh,Median,146.6,91,52.5,40.4,140.8,84.9,46.4,34.7,1.04,1.07,1.13,1.16,0.94,0.94,0.95,0.95,,,,,,,
BGD,Bangladesh,Upper,151.4,94.5,55.9,46.8,145.4,88.2,49.5,40.3,1.07,1.1,1.18,1.22,0.96,0.97,0.99,1,,,,,,,
BGR,Bulgaria,Lower,24.1,22.6,13.9,10.4,18.9,18.1,11.2,8.5,1.24,1.22,1.2,1.18,1,0.97,0.97,0.96,,,,,,,
BGR,Bulgaria,Median,24.6,23.3,14.4,11.5,19.4,18.6,11.6,9.3,1.27,1.25,1.24,1.23,1.02,1,1,1,,,,,,,
BGR,Bulgaria,Upper,25.3,23.9,14.9,12.6,19.9,19.2,12,10.2,1.3,1.28,1.28,1.29,1.05,1.03,1.04,1.05,,,,,,,
BHR,Bahrain,Lower,22.8,12.4,8.1,5.5,21.2,11.5,7.5,5.2,1.03,1.03,1.02,1.01,0.82,0.83,0.84,0.84,,,,,,,
BHR,Bahrain,Median,23.8,13.1,8.6,6.4,22.2,12.1,8,5.9,1.07,1.08,1.08,1.07,0.86,0.87,0.89,0.9,,,,,,,
BHR,Bahrain,Upper,24.8,13.8,9.1,7.4,23.1,12.8,8.5,6.9,1.12,1.13,1.15,1.15,0.9,0.92,0.94,0.96,,,,,,,
BHS,Bahamas,Lower,23.9,15.7,13.2,9.8,20.5,13.5,11.4,8.4,1.1,1.09,1.09,1.08,0.89,0.88,0.88,0.88,,,,,,,
BHS,Bahamas,Median,25.2,16.8,14.8,12.9,21.7,14.5,12.8,11.2,1.16,1.16,1.16,1.16,0.93,0.93,0.94,0.94,,,,,,,
BHS,Bahamas,Upper,26.7,17.9,16.7,17.1,23,15.6,14.5,14.8,1.22,1.22,1.23,1.23,0.98,0.99,1,1,,,,,,,
BIH,Bosnia & Herzegovina,Lower,19.7,9.8,7.8,5.1,15.6,7.7,6.2,4.2,1.22,1.22,1.19,1.16,0.98,0.99,0.99,0.97,,,,,,,
BIH,Bosnia & Herzegovina,Median,20.3,10.2,8.2,5.9,16.2,8.1,6.5,4.8,1.26,1.26,1.25,1.23,1.01,1.03,1.03,1.03,,,,,,,
BIH,Bosnia & Herzegovina,Upper,20.9,10.6,8.6,6.8,16.7,8.4,6.9,5.5,1.3,1.32,1.31,1.3,1.05,1.08,1.08,1.09,,,,,,,
BLR,Belarus,Lower,18.5,15.9,6.6,4.6,13.7,11.8,5,3.6,1.32,1.31,1.26,1.25,1.06,1.06,1.05,1.04,,,,,,,
BLR,Belarus,Median,19,16.4,6.9,5.1,14.1,12.2,5.2,3.9,1.35,1.34,1.31,1.3,1.09,1.09,1.09,1.09,,,,,,,
BLR,Belarus,Upper,19.5,16.8,7.1,5.7,14.5,12.6,5.5,4.4,1.38,1.38,1.36,1.36,1.12,1.12,1.13,1.13,,,,,,,
BLZ,Belize,Lower,38.3,25.8,19.6,15.2,31.2,20.7,15.9,12.4,1.15,1.18,1.16,1.15,0.95,0.95,0.93,0.93,,,,,,,
BLZ,Belize,Median,43.5,27.6,20.9,18.2,35.5,22.2,17.1,14.8,1.22,1.24,1.23,1.23,1.01,1,0.99,0.99,,,,,,,
BLZ,Belize,Upper,49.4,29.6,22.3,21.7,40.4,23.8,18.2,17.7,1.3,1.32,1.3,1.3,1.07,1.06,1.04,1.05,,,,,,,
BOL,Bolivia,Lower,123.7,79.2,42.9,30.4,111.2,70,36.1,25.1,1.08,1.09,1.13,1.14,0.97,0.95,0.94,0.94,,,,,,,
BOL,Bolivia,Median,130.8,85.1,50.9,41.9,117.7,75.2,42.8,34.7,1.11,1.13,1.19,1.21,1,0.99,0.99,0.99,,,,,,,
BOL,Bolivia,Upper,138.2,91.3,59.5,57,124.5,80.7,50.1,47.3,1.15,1.17,1.25,1.28,1.03,1.03,1.05,1.05,,,,,,,
BRA,Brazil,Lower,60.9,32,17.7,16.8,51.1,26.2,14.6,14.1,1.13,1.18,1.2,1.16,0.96,0.95,0.96,0.93,,,,,,,
BRA,Brazil,Median,65.9,35.1,18.1,17.7,55.4,28.6,15,14.9,1.19,1.23,1.21,1.18,1,0.99,0.97,0.95,,,,,,,
BRA,Brazil,Upper,71.2,38.5,18.5,18.7,60.1,31.4,15.3,15.8,1.25,1.28,1.22,1.21,1.05,1.03,0.99,0.97,,,,,,,
BRB,Barbados,Lower,18.3,16.3,14.3,10.8,15.1,13.8,11.9,9.1,1.15,1.11,1.11,1.11,0.92,0.89,0.9,0.9,,,,,,,
BRB,Barbados,Median,19.6,17.6,16,14.1,16.2,14.9,13.4,11.8,1.21,1.18,1.19,1.19,0.97,0.95,0.96,0.96,,,,,,,
BRB,Barbados,Upper,21,19,17.9,18.2,17.4,16.1,15.1,15.3,1.28,1.26,1.27,1.28,1.03,1.01,1.02,1.03,,,,,,,
BRN,Brunei,Lower,12.4,9.5,9.3,9.6,10.4,8,7.8,8,1.12,1.11,1.12,1.12,0.92,0.91,0.91,0.91,,,,,,,
BRN,Brunei,Median,13.2,10.2,10,11.1,11.1,8.6,8.4,9.3,1.19,1.18,1.19,1.2,0.97,0.97,0.97,0.98,,,,,,,
BRN,Brunei,Upper,14.1,10.9,10.8,12.9,11.9,9.3,9.1,10.8,1.26,1.26,1.27,1.28,1.03,1.03,1.04,1.04,,,,,,,
BTN,Bhutan,Lower,123.1,76,37.9,26.2,111.9,67.1,31.6,21.4,1.04,1.08,1.13,1.14,0.94,0.94,0.93,0.93,,,,,,,
BTN,Bhutan,Median,139.9,84.4,46.1,36.2,127.4,74.5,38.3,29.5,1.1,1.13,1.2,1.22,0.99,0.99,0.99,0.99,,,,,,,
BTN,Bhutan,Upper,159.5,93.7,55.3,48.9,144.9,82.8,46,40.1,1.16,1.19,1.28,1.31,1.04,1.04,1.06,1.06,,,,,,,
BWA,Botswana,Lower,50.8,68.4,31.8,23.8,43.3,62.1,27.6,20.2,1.11,1.05,1.09,1.11,0.94,0.93,0.92,0.92,,,,,,,
BWA,Botswana,Median,58.4,86.8,57.3,47.2,49.8,78.6,49.6,39.8,1.17,1.11,1.15,1.18,0.99,0.98,0.98,0.98,,,,,,,
BWA,Botswana,Upper,66.9,105.4,88.6,85.1,57.1,95.3,77,71.9,1.24,1.17,1.22,1.26,1.05,1.04,1.04,1.04,,,,,,,
CAF,Central African Republic,Lower,165.9,163.2,124.2,91.2,152.6,149.5,112.6,82,1.05,1.05,1.05,1.05,0.96,0.96,0.95,0.94,,,,,,,
CAF,Central African Republic,Median,183.6,182.2,157.3,136.6,168.8,167,142.9,123.2,1.09,1.09,1.1,1.11,0.99,0.99,0.99,0.99,,,,,,,
CAF,Central African Republic,Upper,203.7,203.3,203.5,207.5,187.5,186.5,184.7,187.3,1.12,1.13,1.15,1.17,1.02,1.03,1.04,1.05,,,,,,,
CAN,Canada,Lower,9,6.6,5.9,4.6,7.2,5.5,4.9,3.8,1.22,1.18,1.16,1.14,1,0.98,0.96,0.96,,,,,,,
CAN,Canada,Median,9.1,6.8,6,5.3,7.3,5.6,5.1,4.5,1.25,1.21,1.19,1.19,1.03,1.01,0.99,1,,,,,,,
CAN,Canada,Upper,9.3,6.9,6.2,6.1,7.5,5.7,5.2,5.2,1.27,1.24,1.22,1.24,1.05,1.04,1.03,1.04,,,,,,,
CHE,Switzerland,Lower,8.8,6,4.7,3.6,6.9,4.9,3.9,3.1,1.23,1.19,1.14,1.13,1.01,0.99,0.95,0.95,,,,,,,
CHE,Switzerland,Median,9.1,6.2,4.9,4.3,7.2,5,4.1,3.6,1.27,1.23,1.19,1.19,1.04,1.03,1,1,,,,,,,
CHE,Switzerland,Upper,9.4,6.4,5.1,5,7.5,5.2,4.3,4.2,1.31,1.27,1.24,1.25,1.08,1.07,1.04,1.05,,,,,,,
CHL,Chile,Lower,20.5,11.6,9.3,7,16.7,9.6,7.8,6,1.2,1.18,1.16,1.14,0.96,0.96,0.95,0.93,,,,,,,
CHL,Chile,Median,21,11.9,9.6,8.7,17.2,9.8,8,7.4,1.22,1.21,1.19,1.18,0.98,0.98,0.98,0.97,,,,,,,
CHL,Chile,Upper,21.5,12.2,9.8,10.6,17.6,10.1,8.2,9,1.25,1.23,1.22,1.23,1.01,1.01,1,1.01,,,,,,,
CHN,China,Lower,51.4,36.5,15.6,9.5,47.2,32.6,13.6,8.3,1.02,1.06,1.08,1.06,0.86,0.86,0.87,0.87,,,,,,,
CHN,China,Median,56,38.9,16.7,11.3,51.5,34.8,14.6,10,1.09,1.12,1.15,1.14,0.92,0.92,0.92,0.93,,,,,,,
CHN,China,Upper,61.4,41.6,17.9,13.6,56.6,37.1,15.7,11.9,1.15,1.19,1.22,1.21,0.97,0.97,0.98,0.99,,,,,,,
CIV,Cote d Ivoire,Lower,152.7,144,104.2,78.8,130.2,122.3,86.7,65.1,1.13,1.13,1.14,1.14,1.02,1.02,1.02,1.01,,,,,,,
CIV,Cote d Ivoire,Median,164.4,156.9,118.8,100.9,140.2,133.6,99,83.7,1.17,1.18,1.2,1.2,1.06,1.06,1.07,1.06,,,,,,,
CIV,Cote d Ivoire,Upper,176.6,171.8,135.1,129.7,150.9,145.7,112.8,107.9,1.22,1.23,1.26,1.27,1.1,1.11,1.12,1.12,,,,,,,
CMR,Cameroon,Lower,135.4,145,76.5,53.7,120.5,129.4,67.4,46.9,1.09,1.08,1.08,1.08,0.98,0.98,0.97,0.96,,,,,,,
CMR,Cameroon,Median,145.6,158.6,111.3,93.5,129.9,141.8,98.1,81.7,1.12,1.12,1.13,1.14,1.02,1.02,1.02,1.02,,,,,,,
CMR,Cameroon,Upper,156.5,173.4,156.9,158.1,139.4,155,139.1,138.2,1.16,1.16,1.19,1.2,1.05,1.06,1.07,1.07,,,,,,,
COD,Congo DR,Lower,176.3,154.5,102.9,76.3,160.7,137.8,90.1,65.9,1.06,1.09,1.09,1.09,0.97,0.98,0.97,0.96,,,,,,,
COD,Congo DR,Median,194.8,170,123.5,104.9,177.6,151.5,108.3,91.3,1.1,1.12,1.14,1.15,1,1.02,1.01,1.01,,,,,,,
COD,Congo DR,Upper,214.2,187.8,146.5,138.9,195.4,167.5,128.6,120.7,1.13,1.16,1.19,1.21,1.04,1.05,1.06,1.07,,,,,,,
COG,Congo,Lower,87,115.4,53.2,32.3,76.9,103.3,45.4,26.7,1.07,1.07,1.11,1.13,0.96,0.96,0.96,0.95,,,,,,,
COG,Congo,Median,99.1,128.1,65.2,49,87.6,114.8,55.7,40.7,1.13,1.12,1.17,1.2,1.01,1.01,1.01,1.01,,,,,,,
COG,Congo,Upper,112.8,142.3,79.6,72.5,100.1,127.3,68.2,60.5,1.19,1.17,1.23,1.28,1.06,1.06,1.07,1.07,,,,,,,
COK,Cook Islands,Lower,24.3,16.3,8.4,5.9,19.4,13,6.8,4.8,1.17,1.16,1.14,1.13,0.94,0.94,0.93,0.93,,,,,,,
COK,Cook Islands,Median,27,18.6,10.8,8.9,21.6,14.9,8.8,7.3,1.25,1.25,1.22,1.22,1.01,1,1,1,,,,,,,
COK,Cook Islands,Upper,30,21.1,13.9,13.4,24.1,17,11.4,11,1.34,1.34,1.32,1.31,1.08,1.08,1.08,1.08,,,,,,,
COL,Colombia,Lower,36.2,25.5,16.6,12.1,28.8,20.1,13.1,9.6,1.2,1.21,1.19,1.18,0.97,0.97,0.96,0.95,,,,,,,
COL,Colombia,Median,39,28,20.6,17.6,31.1,22,16.3,14,1.25,1.27,1.26,1.26,1.02,1.02,1.02,1.01,,,,,,,
COL,Colombia,Upper,42,30.6,26,26.3,33.5,24.1,20.5,20.8,1.31,1.34,1.34,1.34,1.07,1.07,1.08,1.08,,,,,,,
COM,Comoros,Lower,117.4,85.6,56.4,42.2,104,75.5,49.1,36.3,1.06,1.07,1.07,1.08,0.95,0.94,0.94,0.94,,,,,,,
COM,Comoros,Median,132.4,107.4,91.8,79,117.4,94.3,79.8,67.8,1.13,1.14,1.15,1.16,1.01,1.01,1.01,1.01,,,,,,,
COM,Comoros,Upper,148,126.6,151.7,154.7,131.8,111.7,132.3,133.3,1.2,1.22,1.23,1.25,1.07,1.08,1.08,1.08,,,,,,,
CPV,Cape Verde,Lower,64.6,37.3,29.2,23.8,55.7,31.1,23.9,19.3,1.12,1.16,1.17,1.17,0.95,0.94,0.94,0.94,,,,,,,
CPV,Cape Verde,Median,67.2,38.6,30.4,26.9,58,32.2,25,21.9,1.16,1.2,1.22,1.23,0.99,0.98,0.98,0.99,,,,,,,
CPV,Cape Verde,Upper,69.8,39.9,31.8,30.3,60.4,33.4,26.2,24.8,1.2,1.24,1.27,1.29,1.02,1.01,1.02,1.04,,,,,,,
CRI,Costa Rica,Lower,18.3,14,10.8,8.5,14.5,11.2,8.8,6.9,1.22,1.21,1.18,1.16,0.99,0.98,0.96,0.95,,,,,,,
CRI,Costa Rica,Median,18.8,14.4,11.2,10.6,15,11.6,9.1,8.7,1.26,1.24,1.22,1.21,1.01,1.01,0.99,0.99,,,,,,,
CRI,Costa Rica,Upper,19.3,14.8,11.6,13.4,15.4,12,9.5,11,1.29,1.28,1.27,1.27,1.04,1.04,1.03,1.04,,,,,,,
CUB,Cuba,Lower,14.7,9.1,6.5,5.4,11.2,7.1,5.2,4.3,1.28,1.24,1.21,1.2,1.03,1.03,1.01,1,,,,,,,
CUB,Cuba,Median,15.1,9.4,6.7,6,11.5,7.4,5.4,4.9,1.31,1.27,1.25,1.24,1.06,1.06,1.04,1.04,,,,,,,
CUB,Cuba,Upper,15.5,9.7,7,6.7,11.9,7.6,5.6,5.4,1.34,1.31,1.29,1.29,1.09,1.09,1.08,1.08,,,,,,,
CYP,Cyprus,Lower,11.5,6.6,3.5,2.3,9.3,5.5,3,1.9,1.16,1.12,1.11,1.1,0.94,0.93,0.93,0.93,,,,,,,
CYP,Cyprus,Median,12.2,7.1,3.9,3,9.9,6,3.3,2.5,1.22,1.19,1.18,1.19,0.99,0.99,0.99,0.99,,,,,,,
CYP,Cyprus,Upper,12.9,7.7,4.3,3.8,10.6,6.5,3.6,3.2,1.29,1.26,1.26,1.27,1.05,1.04,1.06,1.07,,,,,,,
CZE,Czech Republic,Lower,16.1,7,4.4,3.5,12.2,5.6,3.4,2.7,1.28,1.22,1.22,1.21,1.03,1.01,1.02,1.01,,,,,,,
CZE,Czech Republic,Median,16.5,7.3,4.6,3.8,12.6,5.8,3.6,3,1.32,1.26,1.27,1.27,1.06,1.05,1.06,1.06,,,,,,,
CZE,Czech Republic,Upper,16.9,7.6,4.8,4.2,12.9,6,3.8,3.3,1.35,1.31,1.32,1.33,1.09,1.08,1.1,1.11,,,,,,,
DEU,Germany,Lower,9.4,5.8,4.5,3.8,7.3,4.7,3.7,3.1,1.27,1.21,1.19,1.17,1.04,1.01,0.99,0.98,,,,,,,
DEU,Germany,Median,9.6,5.9,4.6,4.1,7.4,4.8,3.8,3.4,1.29,1.24,1.22,1.21,1.06,1.03,1.02,1.01,,,,,,,
DEU,Germany,Upper,9.8,6,4.7,4.4,7.6,4.9,3.8,3.6,1.32,1.26,1.25,1.25,1.09,1.06,1.05,1.05,,,,,,,
DJI,Djibouti,Lower,110.2,93.1,64.3,47.8,94.7,79.8,54.2,39.8,1.09,1.1,1.11,1.12,0.96,0.96,0.95,0.95,,,,,,,
DJI,Djibouti,Median,128.2,108.4,82.5,71.1,110.2,92.7,69.4,59.3,1.16,1.17,1.19,1.2,1.03,1.02,1.02,1.02,,,,,,,
DJI,Djibouti,Upper,148.4,128.1,106.3,103.3,127.6,109.7,89.1,86.4,1.25,1.25,1.27,1.29,1.1,1.09,1.09,1.09,,,,,,,
DMA,Dominica,Lower,16.6,14.6,17.5,17.6,14.2,12.6,15.1,15.1,1.08,1.07,1.07,1.07,0.87,0.86,0.86,0.85,,,,,,,
DMA,Dominica,Median,18.4,16.4,20.1,22.8,15.8,14.2,17.3,19.6,1.17,1.16,1.16,1.17,0.94,0.94,0.93,0.94,,,,,,,
DMA,Dominica,Upper,20.2,18.6,23.1,29.6,17.5,16,19.9,25.5,1.25,1.25,1.26,1.26,1,1.01,1.01,1.01,,,,,,,
DNK,Denmark,Lower,9.7,5.9,4.2,3.2,7.5,4.8,3.5,2.7,1.24,1.18,1.15,1.15,1.02,0.99,0.97,0.96,,,,,,,
DNK,Denmark,Median,10,6.1,4.4,3.9,7.8,5,3.7,3.2,1.28,1.23,1.21,1.21,1.06,1.02,1.01,1.01,,,,,,,
DNK,Denmark,Upper,10.4,6.4,4.6,4.7,8.1,5.2,3.9,3.9,1.33,1.27,1.26,1.27,1.09,1.06,1.06,1.06,,,,,,,
DOM,Dominican Republic,Lower,60.7,41.3,31.7,26.3,51.9,34.3,26.2,21.6,1.12,1.14,1.14,1.14,0.95,0.94,0.93,0.92,,,,,,,
DOM,Dominican Republic,Median,64.7,44.9,36.9,33.8,55.4,37.4,30.5,27.7,1.17,1.2,1.21,1.22,0.99,0.99,0.98,0.98,,,,,,,
DOM,Dominican Republic,Upper,69,48.6,43.3,44.2,59.2,40.6,35.9,36.4,1.22,1.26,1.28,1.3,1.04,1.04,1.04,1.05,,,,,,,
DZA,Algeria,Lower,47.3,41.6,28.2,25.5,39.7,35.9,25.3,22.8,1.16,1.14,1.1,1.09,0.96,0.93,0.89,0.88,,,,,,,
DZA,Algeria,Median,50.8,42.5,28.8,26.8,42.7,36.7,25.8,24,1.19,1.16,1.12,1.12,0.98,0.95,0.9,0.9,,,,,,,
DZA,Algeria,Upper,54.5,43.6,29.4,28.2,45.8,37.6,26.3,25.3,1.22,1.17,1.13,1.14,1.01,0.96,0.91,0.92,,,,,,,
ECU,Ecuador,Lower,55.9,33.2,20.6,15,46.3,26.3,16.2,11.9,1.13,1.18,1.19,1.18,0.96,0.96,0.95,0.95,,,,,,,
ECU,Ecuador,Median,61.9,38.3,28.1,24,51.5,30.4,22.2,19,1.2,1.26,1.27,1.27,1.02,1.02,1.02,1.02,,,,,,,
ECU,Ecuador,Upper,68.7,44,38.9,38.8,57,35,30.6,30.7,1.28,1.34,1.36,1.37,1.08,1.09,1.09,1.1,,,,,,,
EGY,Egypt,Lower,81.7,45.1,26.9,20.1,82,41.8,24.1,17.9,0.97,1.03,1.06,1.06,0.85,0.86,0.85,0.85,,,,,,,
EGY,Egypt,Median,85.8,48.1,30.6,25.4,86.1,44.8,27.4,22.5,1,1.08,1.12,1.13,0.87,0.9,0.9,0.9,,,,,,,
EGY,Egypt,Upper,90,51.4,34.7,32,90.4,47.8,31,28.5,1.03,1.12,1.18,1.19,0.9,0.93,0.95,0.96,,,,,,,
ERI,Eritrea,Lower,148,87,47.2,33.9,127.2,73.5,38.6,27.3,1.11,1.12,1.15,1.16,1.01,1,0.99,0.98,,,,,,,
ERI,Eritrea,Median,162.4,96.4,61,51.3,140,81.5,49.9,41.4,1.16,1.18,1.22,1.24,1.06,1.05,1.04,1.04,,,,,,,
ERI,Eritrea,Upper,178.4,106.6,79.2,78.1,153.5,90.2,64.9,63.2,1.22,1.25,1.3,1.32,1.11,1.11,1.11,1.11,,,,,,,
ESP,Spain,Lower,11.8,6.9,4.8,3.6,9.6,5.8,4.1,3.1,1.2,1.17,1.14,1.12,0.98,0.97,0.95,0.94,,,,,,,
ESP,Spain,Median,12.1,7,5,4.4,9.9,5.9,4.3,3.8,1.23,1.19,1.17,1.17,1,1,0.98,0.98,,,,,,,
ESP,Spain,Upper,12.4,7.2,5.1,5.3,10.1,6.1,4.4,4.5,1.25,1.22,1.2,1.21,1.02,1.02,1,1.02,,,,,,,
EST,Estonia,Lower,21.9,11.7,4.7,2.7,16.8,9.1,3.8,2.2,1.25,1.22,1.17,1.16,1.01,0.99,0.98,0.97,,,,,,,
EST,Estonia,Median,22.8,12.3,5.1,3.2,17.5,9.7,4.1,2.6,1.3,1.27,1.24,1.23,1.05,1.04,1.03,1.03,,,,,,,
EST,Estonia,Upper,23.7,12.9,5.5,3.9,18.2,10.2,4.4,3.1,1.35,1.33,1.31,1.31,1.09,1.09,1.09,1.09,,,,,,,
ETH,Ethiopia,Lower,201.2,142.5,66.2,44,177.9,124.7,56.3,36.7,1.09,1.1,1.12,1.14,1,1,0.99,0.98,,,,,,,
ETH,Ethiopia,Median,216.8,154.5,81.8,64.5,191.8,135.2,69.3,53.6,1.13,1.14,1.18,1.2,1.04,1.04,1.04,1.04,,,,,,,
ETH,Ethiopia,Upper,233.7,167.7,98.4,90.5,207.2,146.6,83.2,75.5,1.17,1.18,1.24,1.27,1.07,1.08,1.09,1.09,,,,,,,
FIN,Finland,Lower,7.1,4.5,3.2,2.2,5.8,3.6,2.6,1.8,1.2,1.19,1.17,1.16,0.99,0.99,0.98,0.97,,,,,,,
FIN,Finland,Median,7.4,4.7,3.3,2.6,6,3.8,2.7,2.1,1.24,1.24,1.23,1.23,1.03,1.04,1.03,1.03,,,,,,,
FIN,Finland,Upper,7.7,4.9,3.5,2.9,6.2,4,2.9,2.4,1.28,1.29,1.29,1.29,1.07,1.08,1.08,1.08,,,,,,,
FJI,Fiji,Lower,27.4,24.9,24.8,21.1,22.8,20.8,20.7,17.6,1.13,1.14,1.14,1.13,0.91,0.91,0.91,0.91,,,,,,,
FJI,Fiji,Median,32.4,26.7,26,24.3,27,22.3,21.7,20.3,1.2,1.2,1.2,1.2,0.97,0.96,0.96,0.96,,,,,,,
FJI,Fiji,Upper,38.3,28.5,27.1,28.1,31.9,23.8,22.7,23.5,1.27,1.26,1.25,1.26,1.03,1.02,1.01,1.02,,,,,,,
FRA,France,Lower,10,5.9,4.6,4.2,7.5,4.6,3.7,3.4,1.31,1.25,1.21,1.19,1.07,1.04,1.01,0.99,,,,,,,
FRA,France,Median,10.3,6,4.7,4.8,7.7,4.7,3.8,3.9,1.33,1.27,1.23,1.23,1.1,1.07,1.03,1.03,,,,,,,
FRA,France,Upper,10.5,6.2,4.8,5.5,7.9,4.8,3.9,4.5,1.35,1.3,1.26,1.27,1.12,1.09,1.06,1.07,,,,,,,
FSM,Federated States of Micronesia,Lower,48.2,40.8,23.3,17.5,40.7,34.2,19.1,14,1.09,1.09,1.12,1.13,0.92,0.92,0.92,0.92,,,,,,,
FSM,Federated States of Micronesia,Median,60.1,58.4,44.5,38.2,50.9,49.2,36.6,31,1.18,1.19,1.21,1.23,1,1,1,1,,,,,,,
FSM,Federated States of Micronesia,Upper,74.2,83.6,85.6,85.7,62.9,70.6,70.8,69.9,1.28,1.29,1.32,1.34,1.08,1.08,1.09,1.09,,,,,,,
GAB,Gabon,Lower,86.4,79.4,56.6,39.1,74.6,68,47.5,32.3,1.09,1.1,1.11,1.13,0.97,0.98,0.97,0.96,,,,,,,
GAB,Gabon,Median,99.6,91.7,68.5,55.3,85.9,78.7,57.8,45.8,1.16,1.16,1.18,1.21,1.03,1.03,1.03,1.03,,,,,,,
GAB,Gabon,Upper,115.5,107.7,82.5,76.7,99.7,92.5,69.7,63.4,1.23,1.24,1.27,1.3,1.1,1.1,1.1,1.1,,,,,,,
GBR,United Kingdom,Lower,10.3,7.1,5.5,3.9,7.9,5.7,4.5,3.2,1.27,1.21,1.19,1.18,1.03,1,0.99,0.98,,,,,,,
GBR,United Kingdom,Median,10.5,7.2,5.7,4.7,8.1,5.8,4.7,3.8,1.29,1.24,1.22,1.22,1.05,1.03,1.02,1.02,,,,,,,
GBR,United Kingdom,Upper,10.7,7.4,5.8,5.5,8.3,6,4.8,4.5,1.31,1.26,1.25,1.27,1.08,1.05,1.05,1.06,,,,,,,
GEO,Georgia,Lower,47.5,35.3,16.9,11.2,37.6,27.5,13,8.7,1.18,1.19,1.19,1.18,0.97,0.97,0.96,0.95,,,,,,,
GEO,Georgia,Median,53,39.9,18.6,13.3,42.1,31.2,14.5,10.5,1.26,1.28,1.29,1.27,1.04,1.04,1.03,1.03,,,,,,,
GEO,Georgia,Upper,58.9,45.4,20.4,16.7,46.9,35.6,15.9,13.1,1.35,1.38,1.4,1.39,1.12,1.12,1.12,1.12,,,,,,,
GHA,Ghana,Lower,126.8,100.7,71,52.1,113,87.7,60.5,43.7,1.08,1.1,1.12,1.13,0.98,0.99,0.98,0.98,,,,,,,
GHA,Ghana,Median,134.6,107.3,80.4,66.7,119.9,93.7,68.6,56.2,1.12,1.15,1.17,1.19,1.02,1.03,1.03,1.03,,,,,,,
GHA,Ghana,Upper,142.5,114.6,90.8,84.9,127,100.2,77.5,71.5,1.16,1.19,1.23,1.25,1.05,1.07,1.08,1.08,,,,,,,
GIN,Guinea,Lower,230.2,165.3,101.5,75.7,214.8,150.8,91.1,67.5,1.04,1.06,1.06,1.07,0.96,0.97,0.96,0.95,,,,,,,
GIN,Guinea,Median,246.2,177.9,117.7,99,229.8,162.1,105.7,88.2,1.07,1.1,1.11,1.12,0.99,1,1,1,,,,,,,
GIN,Guinea,Upper,263.5,191.1,136.8,128.9,246.2,174.5,122.6,115.2,1.1,1.14,1.16,1.18,1.02,1.04,1.05,1.05,,,,,,,
GMB,Gambia The,Lower,158.1,109.7,65.8,49.7,145.1,99.4,57.9,43.1,1.04,1.06,1.08,1.09,0.96,0.97,0.95,0.95,,,,,,,
GMB,Gambia The,Median,177.5,124.6,86.4,74.1,162.7,112.7,76.1,64.1,1.09,1.11,1.14,1.16,1.01,1.01,1.01,1.01,,,,,,,
GMB,Gambia The,Upper,198.9,141.9,111.8,112,182.4,128.5,98.8,96.6,1.14,1.16,1.2,1.23,1.05,1.06,1.07,1.07,,,,,,,
GNB,Guinea-Bissau,Lower,217.5,171.7,105,74.3,189.1,147.6,89.4,63.1,1.11,1.12,1.12,1.12,1.02,1.02,1.01,1,,,,,,,
GNB,Guinea-Bissau,Median,244.8,190.4,124.8,99.9,212.8,163.9,106.4,84.6,1.15,1.16,1.17,1.18,1.06,1.06,1.06,1.05,,,,,,,
GNB,Guinea-Bissau,Upper,275,211.6,148.3,130.7,238.9,182.2,126.6,110.8,1.19,1.21,1.23,1.25,1.1,1.1,1.11,1.11,,,,,,,
GNQ,Equatorial Guinea,Lower,170.6,142.8,94.9,69.6,153,127,83.2,60.7,1.03,1.05,1.06,1.07,0.94,0.94,0.94,0.94,,,,,,,
GNQ,Equatorial Guinea,Median,199.2,160.6,117.6,100.5,179.3,143.3,103.6,87.6,1.11,1.12,1.14,1.15,1.01,1.01,1.01,1.01,,,,,,,
GNQ,Equatorial Guinea,Upper,234,182.3,145,142.1,209.8,163.5,127.5,123.9,1.19,1.2,1.22,1.23,1.08,1.09,1.09,1.09,,,,,,,
GRC,Greece,Lower,13.2,8.2,4.8,4.4,11.2,6.9,4.2,3.8,1.15,1.14,1.11,1.11,0.93,0.94,0.93,0.93,,,,,,,
GRC,Greece,Median,13.6,8.4,5,4.9,11.5,7.1,4.4,4.3,1.18,1.18,1.16,1.16,0.95,0.97,0.97,0.97,,,,,,,
GRC,Greece,Upper,13.9,8.7,5.2,5.6,11.8,7.4,4.5,4.8,1.21,1.22,1.2,1.21,0.98,1,1.01,1.01,,,,,,,
GRD,Grenada,Lower,23,15.5,12.3,9.6,19.7,13.3,10.6,8.2,1.07,1.06,1.05,1.05,0.86,0.85,0.84,0.85,,,,,,,
GRD,Grenada,Median,25.1,17.1,14.1,12.7,21.5,14.7,12.2,10.9,1.17,1.17,1.17,1.17,0.95,0.94,0.94,0.95,,,,,,,
GRD,Grenada,Upper,27.2,18.9,16.1,16.8,23.4,16.3,14,14.5,1.26,1.26,1.26,1.27,1.02,1.01,1.02,1.03,,,,,,,
GTM,Guatemala,Lower,80,49,29.2,21.1,70.4,41.4,23.9,17.2,1.09,1.12,1.15,1.16,0.95,0.94,0.94,0.93,,,,,,,
GTM,Guatemala,Median,85.9,54.7,37.8,32.1,75.7,46.3,30.9,26,1.14,1.18,1.22,1.23,0.99,0.99,0.99,0.99,,,,,,,
GTM,Guatemala,Upper,92.1,60.9,49.4,49,81.3,51.5,40.5,39.9,1.19,1.25,1.3,1.31,1.03,1.05,1.06,1.06,,,,,,,
GUY,Guyana,Lower,60.7,46.9,38.5,32.2,47.8,36.7,29.8,25,1.2,1.21,1.2,1.2,1.02,1,0.99,0.98,,,,,,,
GUY,Guyana,Median,67.2,52.2,46.5,44.2,53.1,40.9,36.4,34.4,1.26,1.28,1.28,1.28,1.07,1.06,1.06,1.05,,,,,,,
GUY,Guyana,Upper,74.6,57.8,56,60.7,59.2,45.5,43.9,47.3,1.34,1.36,1.37,1.38,1.14,1.13,1.13,1.13,,,,,,,
HND,Honduras,Lower,58.3,37.7,23.3,17.2,48.7,30.6,18.6,13.7,1.14,1.16,1.17,1.17,0.96,0.95,0.94,0.94,,,,,,,
HND,Honduras,Median,63.2,41.1,27,22.6,52.9,33.5,21.7,18.1,1.2,1.23,1.25,1.25,1.02,1.01,1,1,,,,,,,
HND,Honduras,Upper,68.4,44.8,31.4,29.9,57.2,36.6,25.3,24,1.26,1.3,1.33,1.34,1.07,1.06,1.07,1.07,,,,,,,
HRV,Croatia,Lower,14,8.8,5.6,4.1,10.8,7.2,4.7,3.5,1.25,1.18,1.14,1.13,1.01,0.97,0.95,0.95,,,,,,,
HRV,Croatia,Median,14.4,9.2,5.8,4.7,11.2,7.5,4.9,3.9,1.29,1.23,1.19,1.19,1.04,1.01,0.99,1,,,,,,,
HRV,Croatia,Upper,14.9,9.5,6.1,5.3,11.6,7.8,5.1,4.5,1.33,1.27,1.25,1.26,1.08,1.05,1.04,1.05,,,,,,,
HTI,Haiti,Lower,144.2,103.3,132.4,60,128,89.9,121.3,50.8,1.09,1.1,1.03,1.12,0.98,0.97,0.96,0.96,,,,,,,
HTI,Haiti,Median,154.4,111.8,150,74.6,136.7,97.5,137.7,63.1,1.13,1.15,1.09,1.18,1.02,1.02,1.01,1.02,,,,,,,
HTI,Haiti,Upper,165.1,121,171.9,94.9,146.6,105.6,157.5,80.4,1.17,1.2,1.15,1.25,1.06,1.07,1.07,1.08,,,,,,,
HUN,Hungary,Lower,20.6,11.9,6.8,5.7,16.5,9.8,5.8,4.9,1.22,1.18,1.14,1.12,0.98,0.96,0.94,0.94,,,,,,,
HUN,Hungary,Median,21.1,12.2,7.1,6.4,16.9,10.1,6,5.4,1.25,1.21,1.18,1.18,1,0.99,0.98,0.98,,,,,,,
HUN,Hungary,Upper,21.7,12.6,7.4,7.1,17.4,10.4,6.3,6,1.28,1.25,1.22,1.23,1.03,1.02,1.01,1.03,,,,,,,
IDN,Indonesia,Lower,86.8,54.1,33.4,25,74.3,44.9,26.5,19.7,1.13,1.16,1.19,1.19,0.99,0.97,0.97,0.96,,,,,,,
IDN,Indonesia,Median,91,57,36.8,30.3,78,47.4,29.3,23.9,1.17,1.2,1.26,1.26,1.02,1.01,1.02,1.02,,,,,,,
IDN,Indonesia,Upper,95.4,60.1,40.6,36.6,81.8,50,32.4,29,1.2,1.25,1.32,1.34,1.06,1.05,1.07,1.08,,,,,,,
IND,India,Lower,117.5,83.4,53.8,41.1,125.6,92.5,59.3,43.5,0.92,0.89,0.89,0.91,0.82,0.78,0.76,0.76,,,,,,,
IND,India,Median,121.8,86.6,57,46.3,130,96.1,62.9,49.2,0.94,0.9,0.91,0.94,0.84,0.79,0.77,0.78,,,,,,,
IND,India,Upper,126.2,89.9,60.4,51.7,134.6,99.8,66.6,55.1,0.96,0.91,0.92,0.98,0.86,0.81,0.79,0.81,,,,,,,
IRL,Ireland,Lower,9.7,7.5,4.4,3.4,7.8,6.1,3.6,2.8,1.2,1.18,1.16,1.15,0.98,0.97,0.97,0.96,,,,,,,
IRL,Ireland,Median,10.1,7.8,4.6,3.9,8.1,6.4,3.8,3.3,1.24,1.22,1.21,1.2,1.02,1.01,1.01,1.01,,,,,,,
IRL,Ireland,Upper,10.5,8.2,4.8,4.6,8.5,6.7,4,3.8,1.28,1.27,1.26,1.26,1.05,1.05,1.06,1.06,,,,,,,
IRN,Iran,Lower,53.1,32.3,18.2,12,52.6,30.5,16.7,11,0.96,1.01,1.01,1.01,0.82,0.82,0.81,0.82,,,,,,,
IRN,Iran,Median,57.8,35.7,20,16.2,57.2,33.6,18.4,14.9,1.01,1.06,1.09,1.09,0.86,0.86,0.87,0.88,,,,,,,
IRN,Iran,Upper,63.1,39.4,21.9,21.9,62.4,37.2,20.2,20.1,1.06,1.12,1.16,1.17,0.9,0.91,0.93,0.95,,,,,,,
IRQ,Iraq,Lower,53,44.1,33.9,26.8,45.5,37.2,28.2,22,1.11,1.12,1.14,1.14,0.94,0.93,0.93,0.93,,,,,,,
IRQ,Iraq,Median,58.2,48.3,39.8,34.9,49.7,40.9,33.1,28.9,1.17,1.18,1.2,1.21,0.98,0.98,0.98,0.98,,,,,,,
IRQ,Iraq,Upper,63.6,53,46.9,45.7,54.5,44.9,39.1,37.8,1.23,1.24,1.27,1.29,1.03,1.03,1.04,1.05,,,,,,,
ISL,Iceland,Lower,6.3,3.9,2.2,1.5,5.2,3.2,1.8,1.3,1.13,1.12,1.12,1.12,0.94,0.94,0.94,0.94,,,,,,,
ISL,Iceland,Median,7,4.4,2.6,2.2,5.8,3.6,2.2,1.8,1.21,1.2,1.2,1.2,1.01,1.01,1.01,1.01,,,,,,,
ISL,Iceland,Upper,7.7,4.9,3.2,3.2,6.4,4.1,2.7,2.6,1.29,1.29,1.29,1.29,1.07,1.08,1.08,1.08,,,,,,,
ISR,Israel,Lower,12,7.2,4.7,3.7,10.5,6.2,4.1,3.2,1.11,1.11,1.11,1.1,0.9,0.92,0.93,0.92,,,,,,,
ISR,Israel,Median,12.4,7.4,4.9,4.3,10.8,6.4,4.2,3.7,1.14,1.15,1.15,1.15,0.93,0.95,0.96,0.97,,,,,,,
ISR,Israel,Upper,12.7,7.6,5.1,5,11.2,6.6,4.4,4.3,1.17,1.18,1.19,1.21,0.95,0.98,1,1.01,,,,,,,
ITA,Italy,Lower,10.4,5.8,4.2,3.3,8.5,5,3.6,2.8,1.19,1.13,1.14,1.12,0.97,0.94,0.95,0.94,,,,,,,
ITA,Italy,Median,10.6,5.9,4.3,3.8,8.7,5.1,3.7,3.2,1.21,1.16,1.17,1.16,0.99,0.97,0.98,0.97,,,,,,,
ITA,Italy,Upper,10.8,6.1,4.4,4.3,8.9,5.2,3.8,3.7,1.24,1.19,1.2,1.21,1.01,0.99,1,1.01,,,,,,,
JAM,Jamaica,Lower,29.3,21.3,15.7,11.6,22.6,16.4,12.1,9,1.2,1.2,1.2,1.19,0.97,0.97,0.96,0.96,,,,,,,
JAM,Jamaica,Median,34.3,24.8,20.3,17.6,26.7,19.1,15.7,13.7,1.29,1.3,1.29,1.28,1.04,1.04,1.04,1.03,,,,,,,
JAM,Jamaica,Upper,40.8,28.7,26.9,27.5,31.9,22.2,20.9,21.4,1.38,1.4,1.39,1.39,1.12,1.12,1.12,1.12,,,,,,,
JOR,Jordan,Lower,35.4,26.7,18.5,13.9,32.6,24,16.5,12.4,1.03,1.04,1.04,1.03,0.84,0.84,0.83,0.83,,,,,,,
JOR,Jordan,Median,38.1,29,21.9,18.9,35.1,26.2,19.7,16.9,1.09,1.11,1.12,1.12,0.89,0.89,0.9,0.9,,,,,,,
JOR,Jordan,Upper,40.8,31.8,26.2,25.5,37.6,28.7,23.6,22.9,1.14,1.18,1.2,1.2,0.93,0.95,0.96,0.97,,,,,,,
JPN,Japan,Lower,6.7,4.7,3.3,2.8,5.6,4,2.9,2.4,1.18,1.15,1.13,1.11,0.98,0.96,0.94,0.92,,,,,,,
JPN,Japan,Median,6.9,4.8,3.4,2.9,5.7,4.1,3,2.5,1.2,1.17,1.15,1.14,1,0.98,0.96,0.95,,,,,,,
JPN,Japan,Upper,7,5,3.5,3.1,5.9,4.2,3,2.7,1.22,1.19,1.18,1.18,1.02,1,0.99,0.99,,,,,,,
KAZ,Kazakhstan,Lower,53.9,45.1,23.7,13.8,41.5,33.9,17.3,10.3,1.22,1.25,1.26,1.24,1.01,1.02,1.01,1,,,,,,,
KAZ,Kazakhstan,Median,59.2,49.5,24.8,16.1,45.8,37.4,18.3,12,1.29,1.32,1.35,1.34,1.08,1.09,1.08,1.08,,,,,,,
KAZ,Kazakhstan,Upper,65,54.1,25.9,18.7,50.5,41,19.3,14,1.38,1.42,1.46,1.45,1.15,1.16,1.17,1.17,,,,,,,
KEN,Kenya,Lower,100.9,105.3,56.6,41,90.7,94.2,49,34.7,1.08,1.07,1.1,1.12,0.96,0.96,0.95,0.95,,,,,,,
KEN,Kenya,Median,107.7,113.6,66.6,53.4,96.8,101.9,57.5,45.2,1.11,1.12,1.16,1.18,1,1.01,1,1,,,,,,,
KEN,Kenya,Upper,114.8,123.3,77.5,69.2,103.3,110.4,67.2,58.8,1.15,1.16,1.22,1.25,1.03,1.05,1.06,1.06,,,,,,,
KGZ,Kyrgyzstan,Lower,61.9,47.3,31.8,21,51.9,38.5,25.3,16.7,1.11,1.14,1.16,1.16,0.94,0.94,0.93,0.93,,,,,,,
KGZ,Kyrgyzstan,Median,70.5,53.4,33.2,23.7,59.2,43.7,26.6,18.9,1.19,1.22,1.25,1.26,1.01,1.01,1.01,1.01,,,,,,,
KGZ,Kyrgyzstan,Upper,80.1,59.2,34.7,26.9,67.5,48.7,28,21.6,1.27,1.31,1.35,1.36,1.08,1.08,1.09,1.09,,,,,,,
KHM,Cambodia,Lower,115.8,106.8,40.7,21.9,100.9,92.2,32.7,17.2,1.11,1.11,1.18,1.2,0.98,0.98,0.97,0.96,,,,,,,
KHM,Cambodia,Median,125.1,115.9,47.7,32,109.1,100.4,38.3,25.2,1.15,1.16,1.25,1.27,1.02,1.02,1.02,1.02,,,,,,,
KHM,Cambodia,Upper,134.8,126.8,56.3,46.2,117.8,109.8,45.2,36.5,1.19,1.2,1.32,1.35,1.06,1.06,1.08,1.09,,,,,,,
KIR,Kiribati,Lower,88.6,66.6,53,40.1,77.3,56.7,44.8,33.8,1.07,1.1,1.11,1.11,0.95,0.95,0.94,0.94,,,,,,,
KIR,Kiribati,Median,102.4,76.1,68.1,60.7,89.2,64.7,57.4,50.9,1.15,1.18,1.18,1.19,1.01,1.01,1.01,1.01,,,,,,,
KIR,Kiribati,Upper,118.4,87.1,86.9,91.6,103,74.1,73.5,76.5,1.23,1.26,1.27,1.28,1.09,1.08,1.08,1.09,,,,,,,
KNA,Saint Kitts & Nevis,Lower,28.1,18,11.3,8.1,23.1,14.8,9.4,6.8,1.13,1.12,1.12,1.11,0.91,0.91,0.91,0.91,,,,,,,
KNA,Saint Kitts & Nevis,Median,31.1,20.3,13.7,11.4,25.6,16.7,11.3,9.6,1.22,1.21,1.21,1.2,0.98,0.98,0.98,0.98,,,,,,,
KNA,Saint Kitts & Nevis,Upper,34.4,22.8,16.5,16.1,28.5,18.9,13.7,13.4,1.31,1.31,1.3,1.29,1.05,1.05,1.05,1.06,,,,,,,
KOR,Korea Rep,Lower,7.2,6.3,4.3,3.4,6.8,5.7,3.7,2.9,1.03,1.09,1.13,1.11,0.85,0.91,0.94,0.93,,,,,,,
KOR,Korea Rep,Median,7.3,6.4,4.4,3.7,6.9,5.8,3.8,3.2,1.06,1.11,1.16,1.15,0.88,0.93,0.97,0.97,,,,,,,
KOR,Korea Rep,Upper,7.5,6.6,4.5,4,7.1,5.9,3.9,3.5,1.08,1.14,1.19,1.2,0.9,0.95,1,1.01,,,,,,,
KWT,Kuwait,Lower,18.7,13.2,11.2,8.3,15.7,11.2,9.6,7.2,1.15,1.13,1.12,1.1,0.93,0.92,0.91,0.9,,,,,,,
KWT,Kuwait,Median,19.4,13.6,11.5,9.2,16.3,11.6,9.9,7.9,1.19,1.17,1.16,1.15,0.96,0.95,0.95,0.95,,,,,,,
KWT,Kuwait,Upper,20.1,14.1,11.9,10.1,16.9,12,10.3,8.8,1.23,1.21,1.2,1.21,0.99,0.98,0.98,0.99,,,,,,,
LAO,Lao PDR,Lower,155.8,112.8,71.2,53.1,137.4,97.4,60.1,44.4,1.07,1.1,1.12,1.13,0.97,0.98,0.97,0.97,,,,,,,
LAO,Lao PDR,Median,172.2,126.1,86.2,72.5,151.9,108.9,72.9,60.6,1.13,1.16,1.18,1.2,1.03,1.03,1.03,1.03,,,,,,,
LAO,Lao PDR,Upper,190.4,141.3,103.1,97.7,168.1,122.3,87.6,81.9,1.19,1.22,1.25,1.27,1.08,1.09,1.09,1.09,,,,,,,
LBN,Lebanon,Lower,30.3,17.7,6.9,4.9,27.7,16.1,6.3,4.5,1.02,1.01,1,0.99,0.83,0.81,0.81,0.81,,,,,,,
LBN,Lebanon,Median,34,20.9,10.6,8.6,31,19.1,9.7,7.9,1.1,1.1,1.1,1.09,0.89,0.88,0.9,0.9,,,,,,,
LBN,Lebanon,Upper,38,24.8,15.8,14.6,34.7,22.6,14.4,13.4,1.17,1.18,1.19,1.19,0.95,0.95,0.97,0.98,,,,,,,
LBR,Liberia,Lower,245.2,175.7,83.6,57.6,221.5,158.9,73.5,50,1.07,1.06,1.08,1.1,0.97,0.97,0.95,0.95,,,,,,,
LBR,Liberia,Median,267.5,190.7,94.8,74.7,242,172.5,83.6,64.8,1.11,1.1,1.14,1.16,1.01,1,1,1,,,,,,,
LBR,Liberia,Upper,292.4,207.3,107.7,98.6,264.3,187.6,94.8,84.9,1.15,1.15,1.19,1.22,1.05,1.04,1.05,1.05,,,,,,,
LBY,Libya,Lower,38.7,29,16.2,10.5,32.3,23.5,13.1,8.6,1.13,1.15,1.15,1.14,0.92,0.93,0.93,0.93,,,,,,,
LBY,Libya,Median,45.2,30.9,18.3,14.7,37.8,25.2,14.8,12,1.2,1.23,1.23,1.23,0.98,0.99,0.99,0.99,,,,,,,
LBY,Libya,Upper,52.7,32.9,20.6,20.3,44,26.9,16.7,16.6,1.27,1.31,1.32,1.31,1.04,1.05,1.06,1.06,,,,,,,
LCA,Saint Lucia,Lower,23.4,18.1,15.8,12.2,18.7,14.7,13,10,1.18,1.16,1.14,1.14,0.95,0.93,0.92,0.92,,,,,,,
LCA,Saint Lucia,Median,25,19.6,17.6,15.6,20,16,14.5,12.8,1.25,1.23,1.22,1.22,1,0.99,0.98,0.98,,,,,,,
LCA,Saint Lucia,Upper,26.7,21.2,19.6,20.2,21.5,17.3,16.1,16.6,1.32,1.31,1.3,1.31,1.06,1.05,1.05,1.05,,,,,,,
LKA,Sri Lanka,Lower,22.5,17.3,11.5,9.8,18.9,14.6,9.5,8.1,1.16,1.16,1.17,1.16,0.93,0.93,0.95,0.95,,,,,,,
LKA,Sri Lanka,Median,23,17.7,11.9,10.7,19.4,14.9,9.9,8.8,1.19,1.18,1.2,1.21,0.95,0.95,0.98,0.99,,,,,,,
LKA,Sri Lanka,Upper,23.5,18,12.3,11.6,19.8,15.2,10.2,9.6,1.21,1.21,1.24,1.25,0.97,0.98,1.01,1.03,,,,,,,
LSO,Lesotho,Lower,86,114.8,94.8,75.3,73.5,99.8,81.8,64.7,1.11,1.09,1.1,1.1,0.96,0.97,0.96,0.96,,,,,,,
LSO,Lesotho,Median,94.6,124.5,108.1,97.1,81.1,108.5,93.2,83.1,1.17,1.15,1.16,1.17,1.01,1.02,1.02,1.02,,,,,,,
LSO,Lesotho,Upper,103.9,135,123.3,123.5,89.3,117.7,106.5,106.4,1.22,1.21,1.23,1.24,1.06,1.07,1.08,1.08,,,,,,,
LTU,Lithuania,Lower,17.6,12.4,6.8,4.7,14,10,5.7,3.9,1.22,1.19,1.16,1.16,0.99,0.97,0.96,0.97,,,,,,,
LTU,Lithuania,Median,18.4,13,7.3,5.6,14.6,10.5,6.1,4.7,1.26,1.24,1.21,1.21,1.02,1.01,1,1.01,,,,,,,
LTU,Lithuania,Upper,19.1,13.7,7.8,6.8,15.2,11.1,6.5,5.7,1.3,1.28,1.26,1.27,1.05,1.04,1.05,1.06,,,,,,,
LUX,Luxembourg,Lower,8.8,4.7,2.2,1.4,7.2,3.9,1.8,1.2,1.14,1.12,1.12,1.12,0.94,0.94,0.94,0.93,,,,,,,
LUX,Luxembourg,Median,9.6,5.2,2.6,2,7.9,4.4,2.2,1.7,1.22,1.2,1.2,1.2,1,1,1,1,,,,,,,
LUX,Luxembourg,Upper,10.4,5.8,3.1,2.9,8.6,4.9,2.6,2.4,1.3,1.28,1.29,1.29,1.07,1.07,1.08,1.08,,,,,,,
LVA,Latvia,Lower,22.1,17.8,9.6,6.3,17.1,14.6,8,5.3,1.25,1.18,1.14,1.13,1,0.95,0.93,0.93,,,,,,,
LVA,Latvia,Median,22.9,18.8,10.2,8.6,17.8,15.4,8.6,7.2,1.28,1.22,1.19,1.19,1.03,0.98,0.98,0.98,,,,,,,
LVA,Latvia,Upper,23.8,19.8,10.9,11.7,18.6,16.3,9.2,9.8,1.33,1.27,1.25,1.26,1.07,1.02,1.02,1.04,,,,,,,
MAR,Morocco,Lower,79,49.5,30.6,22.8,70.2,41.5,25,18.4,1.08,1.13,1.15,1.15,0.94,0.94,0.93,0.93,,,,,,,
MAR,Morocco,Median,84.8,54.2,36.4,30.3,75.2,45.7,29.7,24.7,1.13,1.19,1.22,1.23,0.97,0.99,0.99,0.99,,,,,,,
MAR,Morocco,Upper,90.7,59.2,42.4,40.2,80.5,50,34.7,32.7,1.18,1.25,1.3,1.31,1.02,1.04,1.05,1.06,,,,,,,
MCO,Monaco,Lower,7.8,5.4,4.1,3.1,6.2,4.3,3.3,2.5,1.19,1.19,1.19,1.17,0.99,1,0.99,0.98,,,,,,,
MCO,Monaco,Median,8.6,5.7,4.4,3.9,6.9,4.6,3.5,3.1,1.25,1.25,1.24,1.24,1.04,1.04,1.04,1.04,,,,,,,
MCO,Monaco,Upper,9.5,6.1,4.8,4.9,7.6,4.9,3.9,3.9,1.32,1.3,1.31,1.31,1.09,1.09,1.09,1.1,,,,,,,
MDA,Moldova,Lower,31.5,28.7,16.6,12.4,24.9,22.7,13.1,9.8,1.17,1.17,1.16,1.16,0.95,0.95,0.94,0.94,,,,,,,
MDA,Moldova,Median,36.7,34.7,19.1,17.6,29.2,27.6,15.1,14,1.26,1.26,1.26,1.26,1.02,1.02,1.01,1.01,,,,,,,
MDA,Moldova,Upper,43,41.6,22.8,26,34.3,33.1,18.1,20.7,1.36,1.36,1.37,1.37,1.11,1.1,1.1,1.1,,,,,,,
MDG,Madagascar,Lower,156.8,104.9,50.1,34.6,142.5,94.3,43,29.2,1.06,1.07,1.1,1.12,0.97,0.96,0.95,0.95,,,,,,,
MDG,Madagascar,Median,168,114.9,64.7,53.6,153,103.2,55.8,45.3,1.1,1.11,1.16,1.18,1,1,1,1,,,,,,,
MDG,Madagascar,Upper,180.3,125.8,82.3,80.8,164.1,112.9,70.9,68.7,1.13,1.16,1.22,1.25,1.04,1.04,1.05,1.05,,,,,,,
MDV,Maldives,Lower,90.4,43.6,13.3,7.8,79.4,35.9,10.7,6.3,1.07,1.14,1.16,1.14,0.94,0.94,0.94,0.94,,,,,,,
MDV,Maldives,Median,100,48.5,14.3,9.4,87.8,40.1,11.6,7.7,1.14,1.21,1.24,1.22,1,1,1,1,,,,,,,
MDV,Maldives,Upper,110.2,53.7,15.4,11.6,96.8,44.5,12.5,9.5,1.21,1.29,1.32,1.31,1.07,1.07,1.07,1.07,,,,,,,
MEX,Mexico,Lower,45.7,26,18,12.8,38.8,21.4,14.8,10.5,1.12,1.17,1.2,1.17,0.93,0.94,0.96,0.95,,,,,,,
MEX,Mexico,Median,50.2,28,18.4,14.4,42.7,23.1,15.1,11.9,1.18,1.21,1.21,1.21,0.98,0.98,0.98,0.98,,,,,,,
MEX,Mexico,Upper,55.2,30.2,18.7,16.2,47.1,24.9,15.4,13.4,1.23,1.26,1.23,1.24,1.03,1.01,0.99,1.01,,,,,,,
MHL,Marshall Islands,Lower,46.2,38.4,35.4,28.7,38.2,31.2,28.4,23,1.12,1.14,1.15,1.16,0.94,0.94,0.95,0.94,,,,,,,
MHL,Marshall Islands,Median,54.9,45.5,43.2,39.9,45.5,37.1,34.7,31.9,1.21,1.23,1.24,1.25,1.01,1.01,1.02,1.02,,,,,,,
MHL,Marshall Islands,Upper,65,53.9,52.3,55.6,53.9,43.8,42.3,44.4,1.3,1.33,1.34,1.35,1.09,1.1,1.1,1.1,,,,,,,
MKD,Macedonia,Lower,36.9,16.3,9.9,3.3,33.3,14.1,8.5,2.9,1.07,1.11,1.1,1.07,0.87,0.89,0.9,0.89,,,,,,,
MKD,Macedonia,Median,38.4,17.1,10.6,5.8,34.7,14.8,9.1,5.1,1.11,1.15,1.16,1.13,0.9,0.93,0.94,0.94,,,,,,,
MKD,Macedonia,Upper,39.8,18,11.3,8.8,36,15.6,9.8,7.7,1.14,1.2,1.21,1.2,0.93,0.96,0.99,1,,,,,,,
MLI,Mali,Lower,246.4,210.7,109.8,77.2,229,194.8,100.1,69.7,1.05,1.05,1.05,1.06,0.97,0.97,0.95,0.95,,,,,,,
MLI,Mali,Median,263.5,228,142.8,120.4,244.9,210.7,130.1,108.4,1.08,1.08,1.1,1.11,1,1,1,1,,,,,,,
MLI,Mali,Upper,281.3,246.7,182,184.9,261.3,228.2,165.9,166.8,1.1,1.11,1.15,1.16,1.03,1.03,1.04,1.05,,,,,,,
MLT,Malta,Lower,11.5,7.7,6.5,5.4,9.5,6.5,5.5,4.6,1.14,1.12,1.1,1.09,0.92,0.92,0.91,0.91,,,,,,,
MLT,Malta,Median,12.3,8.4,7.3,6.9,10.2,7.1,6.2,5.9,1.21,1.19,1.18,1.17,0.98,0.98,0.98,0.98,,,,,,,
MLT,Malta,Upper,13.2,9.2,8.2,8.7,11,7.8,6.9,7.4,1.28,1.27,1.26,1.25,1.04,1.04,1.04,1.04,,,,,,,
MMR,Myanmar,Lower,107.4,81.4,53.7,41.4,92.5,68.9,44.4,33.9,1.09,1.11,1.13,1.14,0.97,0.97,0.96,0.95,,,,,,,
MMR,Myanmar,Median,117.7,88.9,64.7,54.9,101.6,75.5,53.6,44.9,1.16,1.18,1.21,1.22,1.03,1.03,1.03,1.02,,,,,,,
MMR,Myanmar,Upper,129.8,97.3,77.1,71.9,112.3,82.9,63.9,58.9,1.23,1.26,1.3,1.32,1.1,1.1,1.11,1.11,,,,,,,
MNE,Montenegro,Lower,16.7,13.9,6.5,3.9,14.6,12,5.7,3.5,1.08,1.09,1.06,1.05,0.87,0.88,0.88,0.88,,,,,,,
MNE,Montenegro,Median,17.7,14.7,7.2,4.9,15.5,12.8,6.4,4.4,1.14,1.15,1.14,1.13,0.92,0.93,0.94,0.94,,,,,,,
MNE,Montenegro,Upper,18.8,15.7,8,6.3,16.5,13.6,7.1,5.6,1.21,1.22,1.21,1.21,0.97,0.99,1.01,1.01,,,,,,,
MNG,Mongolia,Lower,113.4,66.3,29.3,19.2,84.1,47.4,20,13,1.28,1.32,1.35,1.35,1.13,1.12,1.09,1.08,,,,,,,
MNG,Mongolia,Median,123.3,72.8,35.6,26.6,91.6,52.2,24.2,17.9,1.35,1.4,1.47,1.47,1.2,1.19,1.19,1.19,,,,,,,
MNG,Mongolia,Upper,134.1,80.2,42.6,35.6,99.9,57.6,29.2,24.3,1.42,1.48,1.6,1.62,1.26,1.26,1.29,1.3,,,,,,,
MOZ,Mozambique,Lower,229.7,164,95.8,65,212.6,152.3,86.5,57.5,1.05,1.04,1.06,1.07,0.95,0.95,0.94,0.94,,,,,,,
MOZ,Mozambique,Median,248.9,177.4,107.8,82.9,230.2,164.6,97.5,73.9,1.08,1.08,1.11,1.12,0.99,0.98,0.98,0.98,,,,,,,
MOZ,Mozambique,Upper,269.4,191.5,121.6,106.9,249.7,177.9,110,94.9,1.12,1.11,1.16,1.18,1.02,1.01,1.03,1.03,,,,,,,
MRT,Mauritania,Lower,114.1,109.1,74.3,63.5,97.7,92,62.5,52.6,1.12,1.13,1.13,1.14,1.01,1.01,1,0.99,,,,,,,
MRT,Mauritania,Median,127.1,122.8,106.2,95.8,108.7,103.8,89.4,79.5,1.17,1.18,1.19,1.2,1.05,1.06,1.05,1.05,,,,,,,
MRT,Mauritania,Upper,140.8,138,154.2,158.9,120.8,116.7,129.7,132.3,1.22,1.24,1.25,1.27,1.1,1.11,1.11,1.11,,,,,,,
MUS,Mauritius,Lower,24.8,19.8,15.8,11.3,19.2,15.4,12.6,9.1,1.24,1.24,1.2,1.19,1,0.99,0.97,0.96,,,,,,,
MUS,Mauritius,Median,25.9,20.8,16.9,15,20.1,16.2,13.4,12,1.29,1.29,1.26,1.25,1.03,1.03,1.01,1.01,,,,,,,
MUS,Mauritius,Upper,27,21.9,18,19.8,21,17,14.3,15.8,1.33,1.34,1.32,1.32,1.07,1.07,1.06,1.07,,,,,,,
MWI,Malawi,Lower,237.9,170.5,83.7,50.2,219.2,155.9,74.6,43.6,1.06,1.06,1.08,1.09,0.97,0.97,0.96,0.95,,,,,,,
MWI,Malawi,Median,252.2,181.9,95.9,68.3,232.3,166.5,85.6,59.5,1.09,1.09,1.12,1.15,1,1,1,1,,,,,,,
MWI,Malawi,Upper,267.7,194.1,110.3,97.2,246.5,177.6,98.4,84.2,1.11,1.13,1.17,1.2,1.03,1.03,1.04,1.05,,,,,,,
MYS,Malaysia,Lower,17.8,10.9,8.6,6.9,14,8.7,6.9,5.6,1.19,1.19,1.21,1.18,0.96,0.97,0.99,0.98,,,,,,,
MYS,Malaysia,Median,18.5,11.3,8.8,7.7,14.6,9,7.1,6.3,1.26,1.25,1.24,1.23,1.02,1.02,1.02,1.02,,,,,,,
MYS,Malaysia,Upper,19.2,11.6,9,8.7,15.3,9.3,7.3,7.1,1.34,1.31,1.28,1.28,1.08,1.07,1.05,1.06,,,,,,,
NAM,Namibia,Lower,71.8,73.6,48.7,35.9,62.4,63.8,41.1,29.8,1.1,1.1,1.12,1.13,0.96,0.97,0.96,0.95,,,,,,,
NAM,Namibia,Median,78.5,80.9,58.1,49.4,68.3,70.3,49.2,41.2,1.15,1.15,1.18,1.2,1.01,1.02,1.01,1.01,,,,,,,
NAM,Namibia,Upper,85.8,89.4,70.3,68.7,74.8,77.6,59.5,57.2,1.21,1.21,1.24,1.27,1.06,1.07,1.07,1.07,,,,,,,
NER,Niger,Lower,312.6,216.2,110.9,73.7,304.3,206.5,102.9,67,1,1.01,1.03,1.05,0.94,0.95,0.94,0.94,,,,,,,
NER,Niger,Median,332.4,232.1,128.1,99.8,323.9,222,119,90.9,1.03,1.05,1.08,1.1,0.97,0.98,0.98,0.99,,,,,,,
NER,Niger,Upper,353.8,250.3,147.6,134.1,344.6,239.3,137.2,122.7,1.05,1.08,1.12,1.15,1,1.01,1.03,1.03,,,,,,,
NGA,Nigeria,Lower,208.6,183.3,121.8,88,188.7,166.7,109.1,78.2,1.08,1.08,1.08,1.08,0.99,0.98,0.98,0.97,,,,,,,
NGA,Nigeria,Median,222.9,195.5,137.3,114.9,201.6,177.7,123.1,102.3,1.1,1.1,1.11,1.12,1.02,1.01,1.01,1.01,,,,,,,
NGA,Nigeria,Upper,237.6,208,154.3,147.8,215.3,189.3,138.3,131.7,1.13,1.12,1.15,1.17,1.05,1.03,1.04,1.05,,,,,,,
NIC,Nicaragua,Lower,66.6,40.1,21.5,15.1,56.5,32.6,17.2,12,1.13,1.16,1.18,1.17,0.97,0.95,0.95,0.95,,,,,,,
NIC,Nicaragua,Median,72.2,44.2,28.9,24.5,61.3,36.1,23.1,19.5,1.18,1.22,1.25,1.25,1.01,1.01,1.01,1.01,,,,,,,
NIC,Nicaragua,Upper,78.1,48.8,40,40.3,66.5,39.9,32,32,1.23,1.29,1.33,1.34,1.06,1.06,1.08,1.08,,,,,,,
NIU,Niue,Lower,10.3,16.7,14.9,11.5,8.3,13.5,11.9,9.2,1.13,1.14,1.14,1.14,0.92,0.91,0.92,0.92,,,,,,,
NIU,Niue,Median,15.2,25.6,29,25.3,12.3,20.6,23.3,20.4,1.24,1.24,1.24,1.24,1,1,1,1,,,,,,,
NIU,Niue,Upper,22.5,38.9,57.4,55.6,18.2,31.7,46.4,45.1,1.35,1.36,1.35,1.36,1.09,1.09,1.09,1.09,,,,,,,
NLD,Netherlands,Lower,9.2,6.7,4.7,3.7,7.1,5.4,3.9,3,1.26,1.21,1.19,1.17,1.04,1.01,0.99,0.98,,,,,,,
NLD,Netherlands,Median,9.4,6.8,4.9,4.2,7.2,5.5,4,3.4,1.3,1.24,1.23,1.22,1.07,1.04,1.03,1.03,,,,,,,
NLD,Netherlands,Upper,9.6,7,5,4.7,7.4,5.6,4.1,3.8,1.33,1.28,1.27,1.28,1.1,1.07,1.06,1.07,,,,,,,
NOR,Norway,Lower,9.3,5.1,3.4,2.5,7.3,4.1,2.7,2,1.23,1.2,1.19,1.18,1.02,1.01,1,0.99,,,,,,,
NOR,Norway,Median,9.7,5.4,3.6,2.9,7.6,4.3,2.9,2.3,1.28,1.25,1.25,1.24,1.05,1.05,1.04,1.04,,,,,,,
NOR,Norway,Upper,10.1,5.6,3.8,3.4,7.9,4.5,3,2.7,1.32,1.3,1.3,1.3,1.09,1.09,1.09,1.09,,,,,,,
NPL,Nepal,Lower,132.4,76.3,41.3,29.7,131.6,73.4,37.4,26.3,0.97,0.99,1.05,1.06,0.87,0.87,0.87,0.87,,,,,,,
NPL,Nepal,Median,141.1,82.1,47.6,37.9,140.2,79.1,43.2,33.6,1.01,1.04,1.1,1.13,0.9,0.91,0.91,0.92,,,,,,,
NPL,Nepal,Upper,150.4,88.2,55,48.5,149.5,85.1,49.9,42.9,1.04,1.08,1.16,1.2,0.94,0.94,0.96,0.98,,,,,,,
NRU,Nauru,Lower,37.8,38.2,30.5,23.6,31.9,31.4,25,19.2,1.09,1.12,1.12,1.13,0.92,0.92,0.92,0.92,,,,,,,
NRU,Nauru,Median,61.4,45,43.1,38.9,52,37,35.4,31.6,1.18,1.21,1.22,1.23,1,1,1,1,,,,,,,
NRU,Nauru,Upper,99.5,53.1,58.2,61.4,84.8,43.9,47.8,49.7,1.28,1.32,1.32,1.34,1.09,1.09,1.09,1.09,,,,,,,
NZL,New Zealand,Lower,12.1,7.9,6.5,5.3,9.5,6.3,5.3,4.3,1.23,1.2,1.18,1.17,1,0.99,0.99,0.98,,,,,,,
NZL,New Zealand,Median,12.5,8.2,6.9,6.2,9.8,6.6,5.6,5.1,1.27,1.24,1.23,1.23,1.04,1.03,1.03,1.03,,,,,,,
NZL,New Zealand,Upper,12.8,8.4,7.2,7.4,10.1,6.8,5.8,6,1.31,1.29,1.29,1.29,1.07,1.07,1.08,1.08,,,,,,,
OMN,Oman,Lower,37.4,15.9,12.2,11.5,31.4,13,10,9.4,1.11,1.13,1.12,1.12,0.91,0.91,0.91,0.91,,,,,,,
OMN,Oman,Median,42.8,18.2,12.8,12.6,35.9,14.9,10.5,10.4,1.19,1.22,1.21,1.21,0.98,0.98,0.99,0.99,,,,,,,
OMN,Oman,Upper,49.1,20.8,13.3,13.9,41.3,17.1,11.1,11.5,1.28,1.32,1.31,1.31,1.05,1.06,1.07,1.07,,,,,,,
PAK,Pakistan,Lower,135.6,109.8,85.5,67.4,130.9,104.3,79.1,61.6,1,1.02,1.03,1.04,0.89,0.9,0.9,0.89,,,,,,,
PAK,Pakistan,Median,141,115.1,95.2,84.6,136.1,109.3,88.2,77.4,1.04,1.05,1.08,1.09,0.92,0.93,0.94,0.94,,,,,,,
PAK,Pakistan,Upper,146.9,120.5,107.2,106.7,141.7,114.5,99.3,97.6,1.07,1.09,1.13,1.15,0.95,0.96,0.98,0.99,,,,,,,
PAN,Panama,Lower,29.8,24.5,15.8,11.5,24.1,19.7,12.7,9.3,1.14,1.15,1.15,1.15,0.92,0.92,0.92,0.92,,,,,,,
PAN,Panama,Median,34.1,28.7,22,18.8,27.5,23.1,17.6,15.1,1.24,1.24,1.24,1.24,1,1,1,1,,,,,,,
PAN,Panama,Upper,38.4,33,30.3,30.4,31.1,26.7,24.4,24.6,1.33,1.34,1.35,1.35,1.08,1.08,1.08,1.08,,,,,,,
PER,Peru,Lower,79.4,38.8,20.7,14.9,71.5,32.9,17.1,12.2,1.08,1.13,1.16,1.15,0.94,0.93,0.93,0.93,,,,,,,
PER,Peru,Median,83.8,41.6,23,18.4,75.4,35.4,18.9,15.2,1.11,1.17,1.21,1.21,0.97,0.97,0.98,0.98,,,,,,,
PER,Peru,Upper,88.3,44.6,25.6,23.3,79.7,38,21.1,19.3,1.14,1.22,1.27,1.28,1,1.01,1.03,1.03,,,,,,,
PHL,Philippines,Lower,59.3,40.5,30.8,23.5,49,32.5,24.5,18.6,1.16,1.19,1.19,1.19,1,0.98,0.97,0.96,,,,,,,
PHL,Philippines,Median,63.6,43.9,35.4,31.2,52.5,35.3,28.2,24.7,1.21,1.24,1.26,1.26,1.04,1.03,1.02,1.02,,,,,,,
PHL,Philippines,Upper,67.9,47.4,40.6,40.9,56.2,38.2,32.4,32.4,1.26,1.3,1.33,1.34,1.09,1.08,1.08,1.09,,,,,,,
PLW,Palau,Lower,33.9,25.3,13.8,10,27.2,20.2,11.1,8.1,1.13,1.15,1.15,1.14,0.92,0.92,0.92,0.92,,,,,,,
PLW,Palau,Median,39.8,29.7,21.5,18.2,32.2,23.7,17.2,14.6,1.24,1.25,1.25,1.25,1,1,1,1,,,,,,,
PLW,Palau,Upper,46.8,34.9,33.4,33.5,38,28,26.8,26.8,1.35,1.36,1.36,1.36,1.1,1.1,1.09,1.1,,,,,,,
PNG,Papua New Guinea,Lower,84.8,71.5,51,37.7,74.7,62.5,43.7,31.9,1.06,1.06,1.07,1.09,0.93,0.93,0.92,0.92,,,,,,,
PNG,Papua New Guinea,Median,94.9,83.6,70.9,61.8,83.6,73.1,61.1,52.5,1.14,1.14,1.16,1.18,1,1,1,1,,,,,,,
PNG,Papua New Guinea,Upper,106.1,97.7,101.4,103.7,93.6,85.5,87.6,87.5,1.22,1.23,1.25,1.27,1.07,1.07,1.07,1.07,,,,,,,
POL,Poland,Lower,19,9.9,6.2,5,14.8,8.2,5.2,4.2,1.26,1.18,1.17,1.15,1.01,0.97,0.97,0.96,,,,,,,
POL,Poland,Median,19.4,10.1,6.4,5.6,15.2,8.4,5.3,4.7,1.28,1.21,1.2,1.19,1.03,0.99,1,1,,,,,,,
POL,Poland,Upper,19.9,10.4,6.5,6.4,15.5,8.6,5.4,5.4,1.3,1.23,1.23,1.24,1.05,1.01,1.03,1.04,,,,,,,
PRK,Korea DPR,Lower,36.9,50.4,26.9,21.5,30.6,43,21.8,17.3,1.11,1.08,1.13,1.14,0.92,0.92,0.92,0.92,,,,,,,
PRK,Korea DPR,Median,47.3,64.5,34.4,27.5,39.3,55.2,28,22.2,1.2,1.17,1.23,1.24,1,1,1,1,,,,,,,
PRK,Korea DPR,Upper,60.7,82.8,44.1,35.3,50.5,71,36.1,28.5,1.31,1.27,1.34,1.35,1.09,1.09,1.09,1.09,,,,,,,
PRT,Portugal,Lower,16,7.7,4,3.3,12.7,6.3,3.4,2.8,1.22,1.18,1.15,1.13,0.99,0.98,0.96,0.95,,,,,,,
PRT,Portugal,Median,16.4,7.9,4.2,3.9,13,6.5,3.5,3.3,1.25,1.22,1.19,1.19,1.02,1.01,1,0.99,,,,,,,
PRT,Portugal,Upper,16.8,8.2,4.4,4.8,13.4,6.7,3.7,4,1.29,1.25,1.24,1.25,1.04,1.04,1.04,1.04,,,,,,,
PRY,Paraguay,Lower,45.2,31.9,19.7,14.3,38.2,26.4,16,11.6,1.11,1.13,1.14,1.14,0.92,0.92,0.91,0.91,,,,,,,
PRY,Paraguay,Median,50.3,36.7,26.4,22.5,42.6,30.3,21.6,18.3,1.18,1.21,1.23,1.23,0.98,0.98,0.99,0.99,,,,,,,
PRY,Paraguay,Upper,55.8,42.3,35.5,35.6,47.4,35.1,29.2,29.1,1.26,1.3,1.32,1.32,1.05,1.05,1.06,1.06,,,,,,,
PSE,State of Palestine,Lower,43.1,29.2,21.7,17.4,38.2,25.1,18.4,14.6,1.06,1.1,1.11,1.11,0.88,0.89,0.89,0.89,,,,,,,
PSE,State of Palestine,Median,47,32,25.7,22.9,41.6,27.4,21.7,19.3,1.13,1.17,1.18,1.19,0.94,0.94,0.95,0.95,,,,,,,
PSE,State of Palestine,Upper,51.1,34.9,30.4,30.3,45.4,30,25.7,25.7,1.19,1.23,1.25,1.26,0.99,0.99,1.01,1.02,,,,,,,
QAT,Qatar,Lower,20.9,12.7,9.2,7.8,17.5,10.7,7.8,6.6,1.13,1.13,1.13,1.12,0.91,0.91,0.92,0.92,,,,,,,
QAT,Qatar,Median,22.6,13.4,9.8,8.7,18.9,11.3,8.2,7.3,1.2,1.19,1.19,1.19,0.96,0.96,0.97,0.98,,,,,,,
QAT,Qatar,Upper,24.4,14.1,10.3,9.6,20.4,11.9,8.7,8.1,1.27,1.25,1.25,1.26,1.02,1.01,1.03,1.04,,,,,,,
ROU,Romania,Lower,40.8,29.2,15,10.8,33,23.5,12.1,8.8,1.22,1.22,1.21,1.18,0.99,0.98,0.98,0.96,,,,,,,
ROU,Romania,Median,41.6,29.8,15.4,12.2,33.7,24,12.4,9.9,1.24,1.24,1.24,1.23,1.01,1,1,1,,,,,,,
ROU,Romania,Upper,42.4,30.4,15.7,13.8,34.4,24.5,12.7,11.2,1.25,1.26,1.27,1.28,1.03,1.02,1.03,1.04,,,,,,,
RUS,Russian Federation,Lower,29.2,25.8,13.1,9.1,21.6,19.6,10.3,7.2,1.33,1.3,1.25,1.22,1.07,1.04,1.01,1,,,,,,,
RUS,Russian Federation,Median,29.7,26.3,13.4,10.6,22.1,20,10.5,8.4,1.35,1.32,1.27,1.26,1.08,1.06,1.03,1.03,,,,,,,
RUS,Russian Federation,Upper,30.3,26.8,13.7,12.4,22.5,20.4,10.8,9.8,1.36,1.33,1.29,1.31,1.1,1.07,1.05,1.07,,,,,,,
RWA,Rwanda,Lower,150.1,178.3,61.1,32.5,134,161.5,52.8,27.1,1.08,1.07,1.11,1.14,0.99,0.98,0.96,0.95,,,,,,,
RWA,Rwanda,Median,160,192.7,68.6,45.4,143.1,174.5,59.4,37.8,1.12,1.1,1.16,1.2,1.02,1.01,1.01,1.01,,,,,,,
RWA,Rwanda,Upper,170.3,208.5,77,63.6,152.5,189,66.7,53.2,1.15,1.14,1.21,1.27,1.05,1.05,1.05,1.07,,,,,,,
SAU,Saudi Arabia,Lower,37.6,21.4,12.8,9.3,33.6,18.7,11.2,8.1,1.04,1.06,1.06,1.06,0.86,0.85,0.85,0.85,,,,,,,
SAU,Saudi Arabia,Median,46.6,24.3,18.1,15.5,41.8,21.3,15.9,13.6,1.12,1.14,1.15,1.15,0.93,0.92,0.92,0.93,,,,,,,
SAU,Saudi Arabia,Upper,57.8,27.7,26.5,27.2,51.8,24.2,23.1,23.9,1.2,1.23,1.23,1.24,0.99,0.98,0.99,1,,,,,,,
SDN,Sudan,Lower,124.6,102.8,74.4,60.2,111.7,91.6,65.3,52.4,1.07,1.07,1.08,1.08,0.97,0.96,0.95,0.95,,,,,,,
SDN,Sudan,Median,134.3,111.9,85.3,74.8,120.3,99.8,74.9,65.1,1.12,1.12,1.14,1.15,1.01,1.01,1.01,1,,,,,,,
SDN,Sudan,Upper,144.7,121.5,97.4,92.2,129.7,108.5,85.7,80.2,1.17,1.18,1.21,1.22,1.05,1.06,1.06,1.07,,,,,,,
SEN,Senegal,Lower,139,132.4,60.7,44.7,126.7,120.6,52.1,36.7,1.07,1.06,1.11,1.15,0.98,0.98,0.96,0.95,,,,,,,
SEN,Senegal,Median,146.8,140.9,69.6,54,133.8,128.6,59.8,44.3,1.1,1.1,1.16,1.22,1.01,1.01,1.01,1.01,,,,,,,
SEN,Senegal,Upper,154.7,150.6,79.8,72.2,141,137.3,68.8,59.3,1.13,1.13,1.22,1.29,1.04,1.04,1.05,1.07,,,,,,,
SGP,Singapore,Lower,8,4,2.9,2.3,6.7,3.4,2.4,2,1.14,1.13,1.13,1.12,0.95,0.94,0.94,0.94,,,,,,,
SGP,Singapore,Median,8.3,4.3,3.1,2.9,7,3.6,2.6,2.5,1.18,1.18,1.19,1.18,0.98,0.98,0.99,0.99,,,,,,,
SGP,Singapore,Upper,8.7,4.5,3.3,3.6,7.3,3.9,2.8,3,1.23,1.23,1.25,1.25,1.02,1.03,1.04,1.04,,,,,,,
SLB,Solomon Islands,Lower,37,31.1,25.4,19,31.2,26,21.3,15.7,1.08,1.08,1.09,1.09,0.89,0.88,0.88,0.88,,,,,,,
SLB,Solomon Islands,Median,43,36,34.9,30.7,36.3,30.2,29.1,25.5,1.19,1.2,1.2,1.21,0.98,0.97,0.97,0.97,,,,,,,
SLB,Solomon Islands,Upper,49.9,41.7,47.6,49.7,42.4,35.2,39.9,41.2,1.29,1.3,1.3,1.31,1.06,1.05,1.05,1.06,,,,,,,
SLE,Sierra Leone,Lower,253.8,227.8,152.7,103.2,231.4,208.3,137,91.7,1.06,1.07,1.07,1.08,0.98,0.98,0.97,0.96,,,,,,,
SLE,Sierra Leone,Median,275.7,246,168.4,127.3,252.1,224.8,151.5,113.1,1.09,1.09,1.11,1.13,1.01,1.01,1.01,1,,,,,,,
SLE,Sierra Leone,Upper,299.1,265,186,153.8,273.6,242.7,167.4,136.6,1.13,1.12,1.15,1.18,1.04,1.04,1.05,1.05,,,,,,,
SLV,El Salvador,Lower,58.5,32.1,17.9,13.1,49.4,25.9,14.4,10.5,1.11,1.16,1.16,1.16,0.95,0.94,0.93,0.93,,,,,,,
SLV,El Salvador,Median,64.3,35.7,22.2,18.6,54.3,28.9,17.8,14.9,1.18,1.24,1.25,1.24,1.01,1,1,1,,,,,,,
SLV,El Salvador,Upper,70.4,39.7,26.9,25.8,59.6,32.1,21.7,20.8,1.26,1.32,1.34,1.34,1.07,1.07,1.08,1.08,,,,,,,
SMR,San Marino,Lower,9.6,4.2,2,1.5,7.8,3.5,1.7,1.3,1.13,1.09,1.09,1.09,0.92,0.91,0.92,0.91,,,,,,,
SMR,San Marino,Median,12,6,3.8,3.1,9.8,5,3.2,2.6,1.23,1.2,1.19,1.19,1,1,1,1,,,,,,,
SMR,San Marino,Upper,15.1,8.6,7,6.8,12.3,7.2,5.8,5.7,1.35,1.31,1.3,1.3,1.09,1.09,1.09,1.09,,,,,,,
SOM,Somalia,Lower,156.6,143.7,117,83.5,143.1,131.7,106.6,76.1,1.03,1.03,1.03,1.03,0.94,0.94,0.94,0.93,,,,,,,
SOM,Somalia,Median,187.8,181.6,167,143.4,171.9,166.6,152.8,130.2,1.09,1.09,1.09,1.1,1,1,1,1,,,,,,,
SOM,Somalia,Upper,229.6,235.4,244.9,255.1,210.1,215.6,222.6,230.9,1.16,1.16,1.17,1.17,1.06,1.06,1.06,1.07,,,,,,,
SRB,Serbia,Lower,29.4,13.6,8.1,6.1,25.8,10.9,6.5,5,1.11,1.21,1.19,1.17,0.89,0.98,0.98,0.97,,,,,,,
SRB,Serbia,Median,30.1,13.9,8.4,7.3,26.5,11.2,6.8,6,1.14,1.25,1.24,1.22,0.91,1.01,1.02,1.02,,,,,,,
SRB,Serbia,Upper,30.9,14.3,8.7,8.8,27.2,11.5,7,7.1,1.16,1.29,1.29,1.28,0.94,1.04,1.06,1.06,,,,,,,
SSD,South Sudan,Lower,217.3,161.6,86.4,61.1,201.5,147.6,77.8,54.3,1,1.01,1.03,1.04,0.93,0.93,0.92,0.92,,,,,,,
SSD,South Sudan,Median,262.7,190.1,116.3,97.5,242.7,174.1,105,87.1,1.08,1.09,1.11,1.12,1,1,1,1,,,,,,,
SSD,South Sudan,Upper,310.6,223.7,152.9,151.4,286.8,205.3,138.2,134.8,1.17,1.18,1.2,1.21,1.08,1.08,1.08,1.08,,,,,,,
STP,Sao Tome & Principe,Lower,102.9,80.2,41.9,29.9,91.9,71.1,35.9,25.4,1.05,1.06,1.09,1.11,0.95,0.94,0.94,0.94,,,,,,,
STP,Sao Tome & Principe,Median,116.9,94.5,60.7,51.5,104.2,83.9,51.9,43,1.12,1.13,1.17,1.19,1.01,1,1,1,,,,,,,
STP,Sao Tome & Principe,Upper,133.3,111.1,88.2,87.2,119.1,98.7,75,73.3,1.19,1.2,1.25,1.28,1.07,1.07,1.07,1.08,,,,,,,
SUR,Suriname,Lower,44.4,30.4,16.1,12,35.9,24.1,12.8,9.5,1.15,1.17,1.18,1.17,0.95,0.95,0.94,0.94,,,,,,,
SUR,Suriname,Median,52.4,38.4,27.7,23.8,42.5,30.4,21.9,18.7,1.23,1.26,1.27,1.27,1.02,1.02,1.02,1.02,,,,,,,
SUR,Suriname,Upper,62,48.8,47.6,47.2,50.5,38.8,37.6,37.2,1.33,1.36,1.38,1.38,1.1,1.1,1.1,1.11,,,,,,,
SVK,Slovakia,Lower,19.4,12.6,8.8,7.4,15.1,10.1,7.2,6.1,1.25,1.19,1.18,1.15,1,0.97,0.97,0.96,,,,,,,
SVK,Slovakia,Median,19.8,12.9,9.2,8,15.4,10.5,7.5,6.6,1.28,1.24,1.22,1.21,1.03,1,1.01,1,,,,,,,
SVK,Slovakia,Upper,20.2,13.3,9.5,8.7,15.8,10.8,7.8,7.2,1.32,1.28,1.27,1.27,1.06,1.04,1.05,1.05,,,,,,,
SVN,Slovenia,Lower,11,5.7,3.3,2.4,8.8,4.7,2.8,2,1.19,1.15,1.12,1.12,0.97,0.96,0.94,0.94,,,,,,,
SVN,Slovenia,Median,11.5,6,3.6,2.8,9.2,5,3,2.3,1.25,1.21,1.19,1.19,1.02,1.01,1,1,,,,,,,
SVN,Slovenia,Upper,12,6.4,3.8,3.3,9.6,5.3,3.2,2.8,1.3,1.27,1.26,1.26,1.06,1.06,1.06,1.06,,,,,,,
SWE,Sweden,Lower,7.4,4.3,3.2,2.9,5.9,3.5,2.6,2.4,1.21,1.19,1.15,1.15,1,0.99,0.96,0.96,,,,,,,
SWE,Sweden,Median,7.7,4.5,3.3,3.3,6.1,3.7,2.8,2.7,1.24,1.23,1.2,1.2,1.03,1.03,1,1.01,,,,,,,
SWE,Sweden,Upper,7.9,4.7,3.5,3.8,6.4,3.8,2.9,3.1,1.28,1.28,1.25,1.26,1.07,1.07,1.05,1.05,,,,,,,
SWZ,Swaziland,Lower,68.5,122.1,78.7,46,58.9,109.1,69.8,39.4,1.1,1.06,1.07,1.1,0.96,0.95,0.95,0.94,,,,,,,
SWZ,Swaziland,Median,80.2,135.2,93.6,65.2,68.9,121.1,83,55.9,1.16,1.12,1.13,1.17,1.01,1.01,1,1,,,,,,,
SWZ,Swaziland,Upper,92.6,150.2,113.1,92.3,79.8,135,100.5,79.4,1.23,1.18,1.19,1.24,1.07,1.06,1.06,1.07,,,,,,,
SYC,Seychelles,Lower,16.1,13.7,13.5,11.4,13.7,11.7,11.5,9.7,1.09,1.07,1.08,1.08,0.87,0.87,0.87,0.87,,,,,,,
SYC,Seychelles,Median,17.8,15.3,15.3,14.6,15.1,13.1,13,12.4,1.17,1.17,1.17,1.18,0.95,0.95,0.95,0.95,,,,,,,
SYC,Seychelles,Upper,19.6,17.1,17.3,18.6,16.8,14.7,14.8,15.9,1.26,1.26,1.27,1.27,1.02,1.02,1.02,1.03,,,,,,,
SYR,Syria,Lower,36.8,23.5,14.3,10.2,31.1,19.1,11.7,8.4,1.13,1.16,1.14,1.13,0.92,0.93,0.92,0.92,,,,,,,
SYR,Syria,Median,40.2,25.6,16.8,14.1,34,20.9,13.7,11.6,1.18,1.23,1.22,1.21,0.96,0.98,0.98,0.98,,,,,,,
SYR,Syria,Upper,43.6,28,20.1,19.7,37,22.8,16.5,16.3,1.24,1.29,1.3,1.3,1.01,1.04,1.05,1.05,,,,,,,
TCD,Chad,Lower,207,182.4,135.5,98.5,189.7,166.6,123.2,89.2,1.06,1.05,1.05,1.05,0.97,0.97,0.96,0.96,,,,,,,
TCD,Chad,Median,223.5,198.5,167.5,145.6,205.1,181.4,152.3,131.4,1.09,1.09,1.1,1.11,1.01,1.01,1.01,1.01,,,,,,,
TCD,Chad,Upper,241.5,215.7,206.2,212.7,221.6,197.2,187.5,193.1,1.12,1.13,1.15,1.16,1.04,1.04,1.05,1.06,,,,,,,
TGO,Togo,Lower,144.3,120.2,87.3,70.1,127.1,103.6,74.9,59.8,1.1,1.12,1.11,1.11,1,1.01,0.99,0.98,,,,,,,
TGO,Togo,Median,155.4,129.5,97.5,84.4,136.6,111.5,84,72.1,1.14,1.16,1.16,1.17,1.03,1.05,1.04,1.03,,,,,,,
TGO,Togo,Upper,167,139.4,108.8,101.2,146.9,120.3,93.6,86.4,1.18,1.21,1.22,1.23,1.07,1.09,1.08,1.09,,,,,,,
THA,Thailand,Lower,38.6,22.1,12,8.6,29.5,16.6,9.1,6.7,1.23,1.25,1.22,1.2,1.01,1,0.98,0.98,,,,,,,
THA,Thailand,Median,41.8,25.5,16.3,13.8,32,19.2,12.5,10.7,1.3,1.33,1.3,1.29,1.06,1.07,1.05,1.05,,,,,,,
THA,Thailand,Upper,44.8,29,22.7,22.6,34.5,21.9,17.6,17.4,1.38,1.42,1.4,1.39,1.13,1.14,1.13,1.13,,,,,,,
TJK,Tajikistan,Lower,105.8,88,46.5,31.8,89.5,74,37.5,25.4,1.12,1.13,1.16,1.17,0.98,0.98,0.97,0.96,,,,,,,
TJK,Tajikistan,Median,117.1,100.9,58,49.7,99.3,84.7,46.8,39.7,1.18,1.19,1.24,1.25,1.04,1.03,1.03,1.03,,,,,,,
TJK,Tajikistan,Upper,129.5,115.8,73,80.3,110,97.4,58.7,64,1.24,1.26,1.33,1.34,1.09,1.09,1.1,1.11,,,,,,,
TKM,Turkmenistan,Lower,87.1,77.4,40.6,29.7,67.1,58.7,30.7,22.1,1.17,1.19,1.2,1.2,1.02,1.02,1.01,1,,,,,,,
TKM,Turkmenistan,Median,101.6,91.8,68.2,58.5,78.8,70.6,51.4,43.9,1.28,1.29,1.31,1.32,1.11,1.11,1.1,1.1,,,,,,,
TKM,Turkmenistan,Upper,117.9,109.4,107.8,107.8,91.8,83.8,81.2,80.9,1.47,1.49,1.53,1.55,1.27,1.28,1.29,1.29,,,,,,,
TLS,Timor Leste,Lower,165.3,105.4,55.4,38.8,151.6,94.3,47.6,33,1.03,1.06,1.09,1.1,0.93,0.93,0.92,0.92,,,,,,,
TLS,Timor Leste,Median,183.2,116.1,68.4,56.7,168,104.1,59,48.2,1.09,1.12,1.16,1.18,0.98,0.98,0.98,0.98,,,,,,,
TLS,Timor Leste,Upper,203.6,127.6,83.2,82.7,186.7,114.4,71.9,70.1,1.15,1.17,1.23,1.25,1.04,1.03,1.04,1.04,,,,,,,
TON,Tonga,Lower,15.4,12.2,11,9.3,18.6,15,13.5,11.4,0.61,0.6,0.6,0.6,0.49,0.49,0.48,0.48,,,,,,,
TON,Tonga,Median,19.6,15.7,15.6,15,24.1,19.4,19.1,18.4,0.79,0.79,0.79,0.79,0.64,0.63,0.63,0.63,,,,,,,
TON,Tonga,Upper,25.5,20.5,22,24.1,30.2,24.4,26.7,29.2,1.2,1.18,1.18,1.18,0.96,0.95,0.95,0.95,,,,,,,
TTO,Trinidad & Tobago,Lower,27.9,23.5,14.9,11.1,23.1,19.3,12.2,9,1.12,1.13,1.13,1.13,0.91,0.91,0.91,0.91,,,,,,,
TTO,Trinidad & Tobago,Median,33.3,31.4,25.9,22.4,27.6,25.8,21.2,18.2,1.21,1.22,1.22,1.22,0.97,0.98,0.98,0.98,,,,,,,
TTO,Trinidad & Tobago,Upper,38.9,43.4,49.6,47.8,32.2,35.7,40.6,39.1,1.3,1.31,1.32,1.32,1.05,1.05,1.06,1.06,,,,,,,
TUN,Tunisia,Lower,53.2,29.6,17.2,11.4,46.9,24.6,14.2,9.5,1.08,1.14,1.13,1.12,0.91,0.93,0.91,0.91,,,,,,,
TUN,Tunisia,Median,60.6,34.6,18.9,15.3,53.3,28.7,15.7,12.7,1.14,1.21,1.2,1.2,0.96,0.98,0.97,0.97,,,,,,,
TUN,Tunisia,Upper,68.6,40.4,20.9,20.5,60.6,33.5,17.4,17,1.19,1.27,1.28,1.28,1.01,1.03,1.03,1.03,,,,,,,
TUR,Turkey,Lower,72.6,38.7,19.4,13.5,66.2,33.7,16.4,11.4,1.05,1.09,1.11,1.1,0.91,0.89,0.89,0.89,,,,,,,
TUR,Turkey,Median,77.8,42.2,20.7,14.6,71.1,36.8,17.5,12.4,1.09,1.15,1.18,1.18,0.95,0.94,0.95,0.95,,,,,,,
TUR,Turkey,Upper,83.6,46.3,22,15.7,76.6,40.4,18.7,13.4,1.14,1.21,1.25,1.26,0.99,0.99,1.01,1.02,,,,,,,
TUV,Tuvalu,Lower,50.9,40.4,24.6,17.8,45.1,34.5,20.6,14.7,1,1.05,1.08,1.09,0.85,0.87,0.87,0.88,,,,,,,
TUV,Tuvalu,Median,60.4,45.7,34.3,29.5,53.7,39.3,28.8,24.6,1.13,1.17,1.2,1.21,0.96,0.97,0.97,0.97,,,,,,,
TUV,Tuvalu,Upper,72.3,51.6,48.2,49.2,64.3,44.6,40.4,40.6,1.24,1.28,1.31,1.32,1.05,1.05,1.06,1.06,,,,,,,
TZA,Tanzania,Lower,161.5,126.8,55.2,36.1,148.8,116.3,48.7,31.2,1.05,1.05,1.08,1.1,0.96,0.95,0.94,0.93,,,,,,,
TZA,Tanzania,Median,171.9,136,67.2,52.1,158.2,124.9,59.4,45,1.09,1.09,1.13,1.16,0.99,0.99,0.98,0.98,,,,,,,
TZA,Tanzania,Upper,182.4,145.9,81.3,75.3,168.1,134.1,72.2,65,1.12,1.13,1.19,1.22,1.02,1.03,1.03,1.04,,,,,,,
UGA,Uganda,Lower,187.8,149.8,71.9,44.6,163.8,127.8,60.1,36.5,1.11,1.13,1.15,1.16,1.02,1.03,1.01,1,,,,,,,
UGA,Uganda,Median,199.5,159.8,81.7,59.9,174,136.5,68.2,49.1,1.15,1.17,1.2,1.22,1.05,1.07,1.06,1.05,,,,,,,
UGA,Uganda,Upper,212.1,170.8,92.8,81.4,185.2,146.2,77.5,66.7,1.18,1.21,1.25,1.29,1.09,1.1,1.11,1.1,,,,,,,
UKR,Ukraine,Lower,19.3,18.4,12.4,8.8,15.4,14.7,9.9,7.1,1.16,1.16,1.14,1.13,0.93,0.93,0.93,0.93,,,,,,,
UKR,Ukraine,Median,21.7,20.4,13,9.9,17.3,16.4,10.5,8.1,1.25,1.25,1.24,1.23,1,1,1,1,,,,,,,
UKR,Ukraine,Upper,24.7,22.8,13.6,11.1,19.8,18.3,11.1,9,1.35,1.35,1.34,1.33,1.09,1.09,1.09,1.09,,,,,,,
URY,Uruguay,Lower,24.9,18.2,13,9.9,20,14.4,10.7,8.2,1.21,1.22,1.17,1.16,0.97,0.98,0.95,0.94,,,,,,,
URY,Uruguay,Median,25.5,18.7,13.5,11.1,20.5,14.9,11.1,9.1,1.25,1.26,1.22,1.21,1,1.01,0.99,0.99,,,,,,,
URY,Uruguay,Upper,26.1,19.2,14.1,12.4,21,15.3,11.6,10.2,1.28,1.29,1.27,1.27,1.03,1.04,1.03,1.04,,,,,,,
USA,United States of America,Lower,12.2,9.1,7.8,5.9,9.8,7.5,6.5,4.9,1.24,1.21,1.2,1.17,1.01,0.99,0.99,0.97,,,,,,,
USA,United States of America,Median,12.5,9.3,8.1,7.1,10,7.6,6.7,5.9,1.25,1.22,1.21,1.21,1.02,1,1.01,1.01,,,,,,,
USA,United States of America,Upper,12.7,9.4,8.3,8.6,10.1,7.7,6.9,7,1.27,1.23,1.23,1.26,1.04,1.02,1.03,1.05,,,,,,,
UZB,Uzbekistan,Lower,70.2,60.7,29.5,21.7,55.5,47.5,22.8,16.6,1.19,1.2,1.21,1.21,1.01,1.01,1,0.99,,,,,,,
UZB,Uzbekistan,Median,79.5,70.7,51.8,44.1,63,55.5,40,33.9,1.26,1.27,1.29,1.3,1.07,1.07,1.07,1.06,,,,,,,
UZB,Uzbekistan,Upper,89.8,82.7,88.2,89.3,71.5,65.1,67.9,68.8,1.34,1.36,1.4,1.42,1.15,1.15,1.16,1.16,,,,,,,
VCT,St Vincent & the Grenadines,Lower,24.6,22.3,20.5,16,20.5,18.5,16.9,13.2,1.13,1.13,1.13,1.13,0.91,0.91,0.9,0.9,,,,,,,
VCT,St Vincent & the Grenadines,Median,26.7,24.2,22.7,20,22.3,20.1,18.7,16.5,1.2,1.2,1.21,1.21,0.96,0.96,0.97,0.97,,,,,,,
VCT,St Vincent & the Grenadines,Upper,28.8,26.2,25.1,25,24.1,21.9,20.8,20.7,1.27,1.28,1.29,1.3,1.02,1.03,1.04,1.04,,,,,,,
VEN,Venezuela,Lower,31.5,23.2,17.4,13,24.6,18,13.6,10.3,1.17,1.17,1.17,1.16,0.94,0.94,0.94,0.94,,,,,,,
VEN,Venezuela,Median,32.9,24.1,18.5,16.6,26.1,19,14.6,13.2,1.26,1.27,1.26,1.26,1.02,1.02,1.02,1.02,,,,,,,
VEN,Venezuela,Upper,34.5,25.3,19.8,21.3,27.4,20,15.7,16.9,1.38,1.39,1.39,1.39,1.11,1.12,1.12,1.12,,,,,,,
VNM,Vietnam,Lower,52.2,34.6,27,23.4,41.2,26.4,20.3,17.6,1.2,1.23,1.24,1.23,1.02,1.01,1,0.99,,,,,,,
VNM,Vietnam,Median,56.5,38.1,28.2,24.6,44.7,29.2,21.3,18.7,1.26,1.31,1.32,1.32,1.07,1.07,1.06,1.06,,,,,,,
VNM,Vietnam,Upper,61.5,41.4,29.4,25.9,48.8,31.9,22.5,19.8,1.34,1.39,1.41,1.41,1.13,1.14,1.14,1.14,,,,,,,
VUT,Vanuatu,Lower,32.3,26,24,20,27.4,21.9,20.3,17.1,1.06,1.07,1.06,1.06,0.86,0.86,0.86,0.86,,,,,,,
VUT,Vanuatu,Median,38.5,30.8,30.8,29.8,32.6,25.9,26.1,25.2,1.19,1.19,1.19,1.19,0.97,0.96,0.96,0.96,,,,,,,
VUT,Vanuatu,Upper,45.5,36.3,39.6,43.8,38.9,30.8,33.8,37.2,1.29,1.3,1.29,1.3,1.05,1.05,1.04,1.05,,,,,,,
WSM,Samoa,Lower,29.3,20.2,16,13.3,24.5,16.9,13.3,11,1.1,1.1,1.11,1.11,0.89,0.89,0.89,0.89,,,,,,,
WSM,Samoa,Median,33.6,23.5,20.3,19,28.2,19.7,16.9,15.8,1.19,1.2,1.2,1.21,0.97,0.96,0.97,0.97,,,,,,,
WSM,Samoa,Upper,38.5,27,24.5,25.8,32.4,22.6,20.5,21.5,1.29,1.29,1.3,1.3,1.04,1.03,1.04,1.05,,,,,,,
YEM,Yemen,Lower,123.6,92.1,50.4,35,113.3,83.6,43.5,29.4,1.06,1.06,1.1,1.12,0.95,0.94,0.93,0.93,,,,,,,
YEM,Yemen,Median,131.7,99.9,58.1,45.5,120.7,90.6,50.2,38.3,1.09,1.1,1.16,1.19,0.98,0.97,0.98,0.98,,,,,,,
YEM,Yemen,Upper,140.2,108.2,67.2,58.9,128.6,98.2,58,49.6,1.13,1.14,1.22,1.25,1.01,1.01,1.02,1.03,,,,,,,
ZAF,South Africa,Lower,57.4,71.6,49.3,37.1,47.1,60.9,40.9,29.7,1.14,1.1,1.12,1.16,0.97,0.97,0.96,0.95,,,,,,,
ZAF,South Africa,Median,65.7,81.3,58.7,46.5,53.9,68.9,48.8,37.3,1.22,1.18,1.2,1.25,1.03,1.03,1.02,1.02,,,,,,,
ZAF,South Africa,Upper,74.6,93.8,69.3,60,61.5,79.3,57.9,48.2,1.3,1.26,1.28,1.34,1.1,1.1,1.1,1.1,,,,,,,
ZMB,Zambia,Lower,187.2,160.2,79.6,53.2,170.5,143.7,69.2,45.5,1.07,1.08,1.11,1.12,0.98,0.99,0.98,0.97,,,,,,,
ZMB,Zambia,Median,199.3,171.8,87.8,68.9,181.6,154,76.2,58.9,1.1,1.12,1.15,1.17,1.01,1.02,1.02,1.02,,,,,,,
ZMB,Zambia,Upper,211.8,184.5,96.8,87.6,193.3,165.4,84.1,74.9,1.13,1.15,1.2,1.23,1.04,1.05,1.07,1.07,,,,,,,
ZWE,Zimbabwe,Lower,75.3,102.4,84.4,54.6,63.4,89.4,72.9,46.6,1.13,1.1,1.1,1.11,1,0.99,0.98,0.98,,,,,,,
ZWE,Zimbabwe,Median,82,113,95.7,76.1,69.2,98.4,83,64.9,1.19,1.15,1.15,1.17,1.04,1.04,1.03,1.03,,,,,,,
ZWE,Zimbabwe,Upper,88.9,123.8,109.6,105.3,75.2,108.1,94.9,89.9,1.24,1.2,1.21,1.24,1.09,1.08,1.08,1.09,,,,,,,
,,,,,,,,,,,,,,,,,,,,,,,,,
"Note: Lower, Median and Upper refer to the lower bound, median and upper bound of 90% uncertainty intervals.",,,,,,,,,,,,,,,,,,,,,,,,,
"The P factor represents the expected to estimated female mortality rate, in more detail estimated sex ratio/expected sex ratio, where estimated sex ratio = estimated male mortality/estimated female mortality; expected sex ratio = estimated male mortality/expected female mortality.",,,,,,,,,,,,,,,,,,,,,,,,,
,,,,,,,,,,,,,,,,,,,,,,,,,
,,,,,,,,,,,,,,,,,,,,,,,,,
,,,,,,,,,,,,,,,,,,,,,,,,,
,,,,,,,,,,,,,,,,,,,,,,,,,
,,,,,,,,,,,,,,,,,,,,,,,,,
